"Country Name","Country Code","Indicator Name","Indicator Code","1960","1961","1962","1963","1964","1965","1966","1967","1968","1969","1970","1971","1972","1973","1974","1975","1976","1977","1978","1979","1980","1981","1982","1983","1984","1985","1986","1987","1988","1989","1990","1991","1992","1993","1994","1995","1996","1997","1998","1999","2000","2001","2002","2003","2004","2005","2006","2007","2008","2009","2010","2011","2012","2013","2014","2015","2016","2017","2018","2019","2020","2021","2022","2023","2024","2025",
"Aruba","ABW","Gross national expenditure (constant 2015 US$)","NE.DAB.TOTL.KD","","","","","","","","","","","","","","","","","","","","","","","","","","","","","","","","","","","","","","","","","","","","","","","","","","","","","","","","2958447486.03352","","","","","","","","","","",
"Africa Eastern and Southern","AFE","Gross national expenditure (constant 2015 US$)","NE.DAB.TOTL.KD","","","","","","","","","","","","","","","","","","","","","","","","","","","","","","","","","","370185344697.644","384772204267.239","404528178957.658","417643728646.411","430911696779.29","444655627644.418","452509336295.545","465003433492.243","479454045710.324","497912462742.501","526621639071.549","560869452612.028","595451320577.154","646513506938.627","692300438332.992","734004266102.929","737783712564.17","773100635416.01","824356431588.696","868353512547.786","909656724999.539","941163126352.749","963255646413.116","966656049863.345","1001049380859.53","1029439016514.07","1047949607756.26","1021757572930.44","1086888257039.34","1148135808391.14","1184309413557.19","1223984857295.05","",
"Afghanistan","AFG","Gross national expenditure (constant 2015 US$)","NE.DAB.TOTL.KD","","","","","","","","","","","","","","","","","","","","","","","","","","","","","","","","","","","","","","","","","","","","","","","","","","","","","","","","","","","","","","","","","","",
"Africa Western and Central","AFW","Gross national expenditure (constant 2015 US$)","NE.DAB.TOTL.KD","","","","","","","","","","","","","","","","","","","","","","","","","","","","","","","","","","","","","","","","","","","","","","","","","","","","","","","","","","","","","","","","","","",
"Angola","AGO","Gross national expenditure (constant 2015 US$)","NE.DAB.TOTL.KD","","","","","","","","","","","","","","","","","","","","","","","","","","","","","","","","","","","","","","","","","","","48853069802.151","52577577654.8013","56299836125.7823","61195292354.0144","65373521941.6986","70608781586.2768","79954218764.0298","83514533746.1336","84696093158.1615","95744039045.7854","102336776749.547","111616105748.495","114859843013.895","105292778101.791","101167846309.617","105912343253.595","108550582762.176","101636275948.309","103866126545.921","113128084171.748","123574953804.631","134313433528.873","141204449642.15","",
"Albania","ALB","Gross national expenditure (constant 2015 US$)","NE.DAB.TOTL.KD","","","","","","","","","","","","","","","","","","","","","","","","","","","","","","","","","","","","5578542029.79172","6490989692.62558","5595836233.74905","5903928437.33845","6403510378.44998","7487519985.23825","8286960457.44691","8830010851.80545","9151773629.49623","9531344476.0022","10073113188.785","10582663588.1836","11626872933.8321","12623896781.0632","12808221174.8398","12582053319.1237","12932045882.8759","12666607814.2097","12767026672.5591","13257622559.2779","13436251353.3582","13952387401.2401","14262901282.7303","14644306831.4199","14950515575.7244","14490407044.7662","15682427697.2839","16313190472.3732","16429101666.7748","17492261046.9523","",
"Andorra","AND","Gross national expenditure (constant 2015 US$)","NE.DAB.TOTL.KD","","","","","","","","","","","","","","","","","","","","","","","","","","","","","","","","","","","","","","","","","","","","","","","","","","","","","","","","","","","","","","","","","","",
"Arab World","ARB","Gross national expenditure (constant 2015 US$)","NE.DAB.TOTL.KD","","","","","","","","","","","","","","","","","","","","","","","","","","","","","","","","","","","","","","","","","1116429442808.4","1163864859311.22","1215779990570.89","1265425183018.99","1355289434754.82","1434633109812.12","1586351802147.05","1773416315261.59","1959885281194.35","1974981967059.83","2014613605007.25","2117194135808.39","2255555638265.56","2375946363641.07","2501672389243.42","2545329395899.97","2523271289541.36","2593210763864.85","2652794178371.22","2750644474530.27","2591376500501.84","2733618885317.54","2965569173019.84","3160065063074.25","3271123637465.58","",
"United Arab Emirates","ARE","Gross national expenditure (constant 2015 US$)","NE.DAB.TOTL.KD","","","","","","","","","","","","","","","","","","","","","","","","","","","","","","","","","","","","","","","","","","193660540863.679","205112434363.004","211724062353.514","228942116299.681","239395682527.257","271079949308.845","317024638909.622","345345931620.074","294194670561.829","248102334740.743","263301364948.262","243205107175.169","256342630893.645","281314148633.755","280745097944.18","286396957154.433","300102394104.325","301746727017.677","319588136668.194","298661932362.693","324047852786.151","405374080537.954","443101523311.355","","",
"Argentina","ARG","Gross national expenditure (constant 2015 US$)","NE.DAB.TOTL.KD","138759047067.057","152223625851.96","146372373267.361","137812687543.418","156700615605.066","168743936327.701","166077097542.009","171375764335.941","180667726661.66","197975446866.633","202150119347.306","215120275354.822","218073435243.177","223425086761.466","236487427846.221","237302838702.299","227684822540.025","242527951294.17","230537813319.857","259985432828.683","277583064092.198","260472609091.403","240333416982.971","248873453124.505","255660652603.045","232594555342.938","254771324846.171","263615052619.685","253001172181.837","231145663088.403","222348950493.022","259448675765.409","300760119040.315","319156998663.685","339710495664.151","321949893457.395","342395621916.06","375224964691.775","389226480659.004","372474595995.936","368663341546.992","345595976291.749","288205091932.698","319215212606.058","355669679630.177","387460357031.966","423641898311.477","470512374449.127","502910115341.799","465338991074.019","529451800306.596","582496170675.81","576512267970.853","599646835686.584","576772680412.315","601142376256.018","592282620115.087","626611560652.452","604365618819.203","553237760431.956","497971829634.266","558959570366.221","608798389276.855","612738048416.662","578197547208.949","",
"Armenia","ARM","Gross national expenditure (constant 2015 US$)","NE.DAB.TOTL.KD","","","","","","","","","","","","","","","","","","","","","","","","","","","","","","","","","","","4534384401.79802","4695118453.06852","4819158232.39567","5213612371.56162","5353630939.54966","5359315668.56641","5587054832.0563","5896133457.84409","6619428166.14488","7640238184.08323","8267225816.56594","9400680898.12436","10810340221.6553","12664102585.697","14004973498.4838","11682103053.014","11914903926.5365","11923295371.1124","12323992278.2645","12374446601.6182","12479695625.0286","11794196283.0062","11402125815.2364","12698805853.0182","13857731355.6504","14708640006.4359","13369507106.2916","14053726466.8306","14888292332.9072","16147824972.3798","17226197065.5226","",
"American Samoa","ASM","Gross national expenditure (constant 2015 US$)","NE.DAB.TOTL.KD","","","","","","","","","","","","","","","","","","","","","","","","","","","","","","","","","","","","","","","","","","","","","","","","","","","","","","","","","","","","","","","","","","",
"Antigua and Barbuda","ATG","Gross national expenditure (constant 2015 US$)","NE.DAB.TOTL.KD","","","","","","","","","","","","","","","","","","","","","","","","","","","","","","","","","","","","","","","","","","","","","","","","","","","","","","","","","","","","","","","","","","",
"Australia","AUS","Gross national expenditure (constant 2015 US$)","NE.DAB.TOTL.KD","","","","","","","","","","","","","","","","","","","","","","","","","","","","","","","","","","","","","","","","","","","","","","","","","","","","","","","","1377503367497.8","","","","","","","","","","",
"Austria","AUT","Gross national expenditure (constant 2015 US$)","NE.DAB.TOTL.KD","","","","","","","","","","","139193704167.983","146159312841.024","155862943860.64","165149082476.134","170111194338.556","168700391948.32","179459489987.3","192059453669.516","185510515414.933","199231354277.698","202119709587.027","201088982157.725","201071343883.394","206691286683.016","206633802150.761","212370844830.67","215806438071.731","220500517832.297","229617617637.077","238863365381.589","248880258642.523","257495394396.876","263359646853.644","263566623754.653","271974059312.605","279067552119.818","284226291821.855","287562028965.61","295597717643.722","304247793479.002","310907311865.097","313352187938.713","311145347893.706","319222463292.538","325329820011.175","331963640039.855","339918201822.169","349144602812.92","353500031816.332","347287521245.613","349700671798.409","358854192431.553","359780204615.173","358687300622.487","360166439311.995","365716620474.979","374555894052.642","382784240062.712","391495419427.758","393297157111.149","371181606118.042","397764995012.2","413974189125.264","402081743510.513","398000068411.161","",
"Azerbaijan","AZE","Gross national expenditure (constant 2015 US$)","NE.DAB.TOTL.KD","","","","","","","","","","","","","","","","","","","","","","","","","","","","","","","","","","","","","","","","","","","","","","","","","","","","","","","","51490292456.1082","","","","","","","","","","",
"Burundi","BDI","Gross national expenditure (constant 2015 US$)","NE.DAB.TOTL.KD","","","","","","","","","","","","","","","","","","","","","","","","","","","","","","","","","","","","","","","","","","","","","","","","","","","","","","","","","","","","","","","","","","",
"Belgium","BEL","Gross national expenditure (constant 2015 US$)","NE.DAB.TOTL.KD","","","","","","","","","","","177451807754.696","183579705465.613","192029235964.681","207882605168.432","217352350601.494","213998847791.602","225527962196.256","230402008378.459","237992229955.082","246371425142.478","253660477224.305","246043728853.761","245594490106.303","241140629201.862","246503821459.183","250859170133.41","257913360740.649","266209374458.204","279596157646.514","291616865281.586","301229052959.359","306347266842.031","311860824275.3","309029204908.664","316582238205.136","323181930567.133","328147918470.046","337143204398.293","345482134070.028","354260249909.922","367268565834.287","368661952737.508","368836565422.497","372171431320.275","384727515770.955","395040740518.817","402874090761.49","417513388386.245","425582270797.798","420649673855.261","429006211800.637","439880557210.447","441071945618.396","441366165995.152","449424345920.803","457878328705.976","468983063128.822","475289635475.164","487379627033.065","493404112725.082","466642434183.659","488540716378.669","509711638509.558","515264894583.876","522568277431.641","",
"Benin","BEN","Gross national expenditure (constant 2015 US$)","NE.DAB.TOTL.KD","1777778605.33038","1809130594.16141","1801459043.05549","1935039791.53588","2022502857.05185","2134973228.29564","2299376723.4237","2428072821.13148","2513859360.07977","2535185501.67611","2594708172.44323","2610461208.378","2801532995.82357","2909600603.0247","3006545183.90585","2945937422.83839","2911919794.26527","3093275603.47686","3140120786.39171","3434097408.72053","3806254349.29819","4182451687.82951","4033191791.35707","3684859943.36614","3749295256.08779","4013216490.84666","4103529994.95914","3995737791.8736","4262624521.9603","3901222552.04757","4132544846.20218","4435314250.79668","4606657375.20702","4820423496.27361","4659392593.32076","5048558552.97653","5119434051.88401","5447048408.83822","5652050909.34389","6018210923.03071","6347041320.38114","6800063497.81733","6925898524.3401","7211634018.02636","7541048973.26096","7468657028.22217","7874672057.58798","8402142784.61521","8703021094.11126","9102421123.98329","9355056091.66053","9718178906.71365","9973189434.28164","10912509993.1901","11349909934.0179","12221243294.8172","12342560112.1364","13326199486.3043","14196627415.7753","14951728937.7593","15546329619.952","16861940426.1728","17170822403.9951","18509595980.5079","19631188999.4567","",
"Burkina Faso","BFA","Gross national expenditure (constant 2015 US$)","NE.DAB.TOTL.KD","","","","","","1604742511.92337","1613123350.85596","1803705623.68846","1877907907.98426","1938559985.22208","1868456375.2678","1959527460.83857","1967296661.71118","2006648912.63704","2141245854.50946","2319201776.50139","2435551299.0543","2597042617.76972","2594873969.81445","2621552482.10261","2749794921.78452","2867278903.30073","3133740266.90859","3100782876.61013","2965567184.54851","3316915534.74641","3606578522.26733","3505672141.85941","3699202302.59044","3672818601.06226","3636885814.22488","3880709708.82582","3823167541.75592","3976874471.45202","3703629012.76693","4029918063.79988","4606481037.35593","4810106463.25202","5243505497.92403","5550500697.80588","5586832994.80316","5772663122.60959","6065389235.75223","6432106720.59469","6866295881.37818","7441536704.84375","7768718007.50465","8056214879.39503","8670957758.18022","8871463489.716","9564020010.30771","10223225308.2042","11379453156.7269","11901396752.64","11860528197.9722","12645488959.8615","13555333947.401","14477361628.5921","15206792341.5819","16225021624.6567","16063629961.3612","16759506301.4129","17872373591.4644","18459681359.0113","20326123837.9624","",
"Bangladesh","BGD","Gross national expenditure (constant 2015 US$)","NE.DAB.TOTL.KD","34550414271.8371","37683605882.1792","37343489849.5196","38948384372.7355","43165145951.9736","43460988494.1996","44282154016.1212","43119839775.3538","44079036837.3635","46077782265.9689","50437965109.3446","49411391162.2089","46857484838.3061","41540065702.1743","41384828768.7202","39251900891.4118","42630316973.2559","39523412408.7224","44532278950.7812","46595194220.3905","48489603651.0643","48418462258.5118","47493927070.6321","48828332627.1899","52405831051.0934","53365240794.9637","55178600589.8769","57147535706.5997","59118149789.1195","59929372820.5159","64152876681.633","64232411890.894","66966043744.4828","70150470441.7693","73225121484.045","76510384123.937","77747908049.2224","79374315242.9069","81749261490.4272","85628072259.2623","90172142994.6884","94602585790.5049","97118832804.0564","101972620745.046","108727737297.577","116910400071.915","125926357590.482","134910370673.056","141934824589.324","147104849281.391","155417901879.445","166679191749.044","176099835431.211","185297130463.516","195892997034.831","208276500413.543","218462294492.31","233559627408.369","256792807474.537","271993078455.283","280731386472.122","303107615597.24","329293038791.51","337284750418.199","355476908710.56","",
"Bulgaria","BGR","Gross national expenditure (constant 2015 US$)","NE.DAB.TOTL.KD","","","","","","","","","","","","","","","","","","","","","","","","","","","","","","","","","","","","30457409373.2178","29727277611.9333","22499489174.5982","25424312441.3521","26693823382.1899","28573958285.7937","30909021753.0295","32483074419.2213","35335292035.9647","38483931337.2702","42283341855.8575","46975527192.2008","51748491579.1061","55324820080.5864","49502210589.0796","48081960224.5997","48515943002.1629","49828705270.5036","48097076340.4443","49211828144.6741","50341417479.0297","50695688613.9773","52501588099.595","55067953970.3038","57649032993.3531","57941794891.6724","62131859638.6406","65770883664.9246","64529050308.3447","67592572395.8808","",
"Bahrain","BHR","Gross national expenditure (constant 2015 US$)","NE.DAB.TOTL.KD","","","","","","","","","","","","","","","","","","","","","","","","","","","","","","","","","","","","","","","","","10933430292.556","11474410265.7501","11664580872.8451","12680596765.2699","13325239736.6523","14763832308.9228","16100759530.5458","18461693848.4762","22137148472.8834","20954325241.3192","23927524196.738","24582169179.9249","25984486067.2931","28559531162.9181","29195614604.0231","29019790425.5319","30218896113.0161","32512475660.6603","33634631788.5265","32971377067.6072","31311379467.1691","28533081957.9279","30648898500.0998","36268265505.7212","37133764006.144","",
"Bahamas, The","BHS","Gross national expenditure (constant 2015 US$)","NE.DAB.TOTL.KD","","","","","","","","","","","","","","","","","","","","","","","","","","","","","","7656303986.02304","7483321975.81322","7243050217.3504","6846517020.73924","6597132365.67207","6967439525.99614","7410250076.62845","7994241851.44992","9606792110.27108","10817215670.8125","11140066106.9784","11788189276.7149","11588650401.5432","11936731342.0459","11838408546.3705","11468567972.3119","12653101218.6144","13479805022.5183","13476950177.8021","13012171432.6753","11819609469.6969","11698256285.0536","11991869148.8717","12066245536.158","11483636068.0849","12188365474.299","11797100000","12009702445.1784","13057543469.6819","12870240788.8534","12292904995.6282","10468383073.3511","12201985550.4096","12415295474.0801","13402983890.894","14304544051.0866","",
"Bosnia and Herzegovina","BIH","Gross national expenditure (constant 2015 US$)","NE.DAB.TOTL.KD","","","","","","","","","","","","","","","","","","","","","","","","","","","","","","","","","","","","","","","","","14309110752.4751","14884922164.9398","15659914492.7542","16288272386.0667","17233454597.3854","17967606799.3901","18382137517.1582","20075068610.152","21439208378.9814","19906578601.2632","19772017939.4003","19874650121.4406","19928277244.5134","19841557257.0918","20407145433.8119","20716453491.1414","21332118378.6507","22038327715.611","22532048558.4727","23096156068.3908","22322783018.1331","24015023887.6398","25017222999.556","25888916813.5751","27223970369.773","",
"Belarus","BLR","Gross national expenditure (constant 2015 US$)","NE.DAB.TOTL.KD","","","","","","","","","","","","","","","","","","","","","","","","","","","","","","","21915622284.3767","22141177834.7742","19416351031.464","18171970615.5423","14900965117.6914","12593096022.9127","13150418879.6241","14666629198.9527","16151960519.7344","16363976798.635","17842812226.8203","19767853116.018","21132423316.7025","23272119994.2402","26286906643.3662","29525655896.4976","34501497167.8076","38965006487.0886","46346129722.8973","45823742124.5999","51239542327.6312","53111181768.2514","54391519747.0822","59024808021.4409","59098820041.1426","54667301687.3676","51734146508.6662","54263114514.6544","57342784539.7677","60131459857.6482","58545695871.9069","58950586051.4745","56460785443.506","61168385459.8873","66672038826.2589","",
"Belize","BLZ","Gross national expenditure (constant 2015 US$)","NE.DAB.TOTL.KD","","","","","","","","","","","","","","","","","","","","","510204056.038881","440607470.470076","440375461.209588","417621906.82939","401491793.777405","381350495.358006","370055493.384431","436049527.278839","512812291.417193","599124380.267393","644841097.584219","728858328.342733","1050609888.22224","1109960512.07813","1086851557.32844","1134038111.28553","1135487029.84926","1162969025.72228","1228237007.27995","1379831942.10296","1553097603.74258","1611288053.0963","1692191299.17426","1701043985.59092","1681169211.76939","1692461875.55589","1664852506.49446","1733886188.11756","1820742518.58014","1703898959.45129","1725742039.77586","1688692808.41488","1780455569.52471","1893871526.43574","2012838558.21416","2089996750","2162067815.91573","2101487307.06028","2174769973.04272","2259724781.59523","1968526880.85001","2328577706.55392","2514589448.16747","2547548551.56087","2653948591.20447","",
"Bermuda","BMU","Gross national expenditure (constant 2015 US$)","NE.DAB.TOTL.KD","","","","","","","","","","","","","","","","","","","","","","","","","","","","","","","","","","","","","","","","","","","","","","","","","","","","","","","4835753877.68713","4861152000","5273002491.97715","5099213483.86736","4920345673.75548","5001810844.00448","4408624480.36122","4590265135.40759","4676495092.14628","4798226967.19044","4884236743.16505","",
"Bolivia","BOL","Gross national expenditure (constant 2015 US$)","NE.DAB.TOTL.KD","4907761828.79218","5139766621.33721","5467866021.86381","5756129572.84994","5857667789.96559","6455861337.64177","6886832127.25532","7164715092.7541","7729516505.3671","8059081780.86769","8528484075.79244","8979755532.54844","9589420995.01808","9984895377.83594","10105022102.4301","11353123053.633","11666966421.0861","12292237557.7648","12620554481.0964","12646868853.4473","12119892549.4282","12304453001.5605","11551988273.0108","10806108600.3355","11258302819.3774","11809874221.9729","11456141801.6775","11885008956.8983","12072951512.7279","12026223093.7455","12560224858.2088","13359926564.7537","13870641143.7403","14251341218.6927","14401623388.5564","15055002681.9355","15846962339.8202","17261863323.2835","18864532310.9469","18534201551.1463","18642248898.2746","18348232452.3458","19145871197.7854","19113286816.5377","19298671585.6675","20470864404.2819","21023702394.7565","22076672549.7924","23962604513.8381","24854739739.4739","25945881582.7341","28248105776.8165","28947105509.6396","31286480844.3076","33446680078.9149","35044974066.5702","36592617623.5861","39150209663.5934","40483183713.4505","40881659040.3813","34834853874.9459","37649948837.5141","39448997750.8987","40825587991.9343","40573506556.0081","",
"Brazil","BRA","Gross national expenditure (constant 2015 US$)","NE.DAB.TOTL.KD","","","","","","","","","","","369718098204.556","416822773214.156","467192266907.238","536702929168.54","597707821008.616","617489541358.992","675151639080.526","699713462927.775","729937123943.269","778694670241.543","835445376987.684","773203330019.181","782128380376.048","733099201861.865","752219449193.681","808977931421.465","903833389687.523","913602452558.812","895182406846.549","924857956373.554","898898130219.681","916445880691.295","902726708003.823","955145226173.625","1023819178236.64","1097772837398.93","1128827390227.58","1175271431478.64","1174612845129.71","1154519299591.14","1206137174343.03","1215917472566.67","1217856253155.31","1211475240483.33","1273043323150.53","1306634464971.69","1378889326103.78","1485224998357.93","1591836745234.95","1593504148282.94","1751436048345.42","1830624915705.19","1866506102916.21","1933898273290.91","1940859058187.61","1822995884986.44","1735754423672.98","1762383020374.44","1801512933240.42","1833735194568.24","1754447049319.81","1863144249088.51","1935762210427.12","1959991927943.2","2065792369257.02","",
"Barbados","BRB","Gross national expenditure (constant 2015 US$)","NE.DAB.TOTL.KD","","","","","","","","","","","","","","","","","","","","","","","","","","","","","","","","","","","","","","","","","","","","","","","","","","","","","","","","","","","","","","","","","","",
"Brunei Darussalam","BRN","Gross national expenditure (constant 2015 US$)","NE.DAB.TOTL.KD","","","","","","","","","","","","","","","","","","","","","","","","","","","","","","","4566073840.6051","4704861247.76626","5449696199.21427","6316237603.61136","5909844850.16069","6096903565.84377","8852234610.67546","7013524986.62051","6314149462.61325","5702747737.82969","5019586291.37765","5373277252.73806","6473331726.23321","5765613231.94707","6094040845.00257","6068346201.16159","6480037871.87263","7670260949.41776","8072509014.55975","8278592617.65461","8242110086.64152","9677043787.89167","11118584674.6186","12039403929.3407","10074323919.4276","10356467945.9252","9605387036.88662","10273781650.5502","11610736021.7359","11585753483.4106","11366064117.2534","10963511237.0502","11406898751.5043","11764027997.1172","11743488419.1673","",
"Bhutan","BTN","Gross national expenditure (constant 2015 US$)","NE.DAB.TOTL.KD","","","","","","","","","","","","","","","","","","","","","","","","","","","","","","","459587569.418872","469126936.244414","560117712.458587","503596722.465557","531788643.840183","549595345.785757","597962029.743658","633937893.357761","706101998.580898","796664328.466735","860265489.218708","950865847.001022","1094232926.18789","1176250897.94244","1290722406.98396","1327508661.71546","1156202638.56496","1297904975.32467","1455425800.94183","1690626560.98415","2094792030.72356","2283839809.16021","2310224908.93269","2282664692.95441","2421594411.54491","2769052357.94569","2874604430.52494","2869870639.8848","2965682327.39773","2885434513.24966","2670966810.11369","2868235992.38303","3264490672.48717","3170023050.3556","","",
"Botswana","BWA","Gross national expenditure (constant 2015 US$)","NE.DAB.TOTL.KD","","","","","","","","","","","","","","","","913189924.859984","1003076674.55146","1095306698.66601","1219466705.67216","1369281554.88264","1460076734.78429","1507792516.88878","1494305488.31929","1456957805.65611","1612402045.94884","1822971416.16096","1982130706.22052","2145082998.99562","2505209686.52612","3119751016.03075","3583695546.65444","3760369658.70348","3841139360.03133","3943389579.0479","4053027808.9886","4522571753.54633","4680602001.32808","5209099246.5726","5659139600.22422","5539659228.9887","5680313086.39535","5496870420.36425","5759138960.89932","5848524430.50036","6253123014.61115","6335784745.20889","6994516238.58239","7854791745.47423","10801807674.4237","10473477424.3197","11441885814.3189","12843831298.4935","13356238984.0851","13126912403.9806","13763979816.4311","14353478638.3482","14315217129.0177","14741177916.8174","15156062675.5951","16784166757.7752","17525014047.9593","17501810680.5133","17540582986.0886","19101003451.6048","20342060196.661","",
"Central African Republic","CAF","Gross national expenditure (constant 2015 US$)","NE.DAB.TOTL.KD","","","","","","","","","","","","","","","","","","","","","","","","","","","","","","","","","","","","","","","","","","","","","","","","","","2911398601.22464","2948305135.04864","2845245063.12776","2984804555.14075","1796647108.28392","1936401633.62","2018197549.26432","2325177268.25128","2189806759.65589","2801436678.36897","2900749407.06486","2866271274.51996","2864265271.33995","2952995545.0917","2828374710.3973","2914065734.61433","",
"Canada","CAN","Gross national expenditure (constant 2015 US$)","NE.DAB.TOTL.KD","","","","","","","","","","","433013059459.576","457334197237.173","484796059244.403","520417386661.187","553933519529.687","574402855357.746","601217616858.516","617233274164.868","629920945236.011","656195101215.383","662252883847.8","680555613473.594","641599112827.462","662091338109.503","694224166978.621","731784876711.855","752650641528.654","784086181766.856","825682782988.67","855202043878.538","853024353810.063","839455274206.962","842998035882.641","857196412966.55","883435321781.628","898209233791.4","910807850490.869","964554028983.116","986980312817.902","1025393743844.2","1075322444239.14","1089747612361.19","1125384240246.48","1172758848363.89","1220654361147.22","1282205643202.49","1337149711241.2","1385895951279.87","1425127908924.3","1384820035693.25","1457035216555.41","1506669640271.6","1537658288543.24","1571021839468.52","1598188942282.93","1595552090111.12","1602582867401.14","1669675814239.4","1714191902071.99","1733187265020.18","1641600498382.99","1764294868053.72","1855549835497.44","1859026509836.95","1890466674419.16","",
"Central Europe and the Baltics","CEB","Gross national expenditure (constant 2015 US$)","NE.DAB.TOTL.KD","","","","","","","","","","","","","","","","","","","","","","","","","","","","","","","","","","","","674881644451.699","717678758863.271","740351533402.668","769996408537.573","786035615626.068","813058883259.082","837159136282.889","871201553888.426","908722321870.757","970251448869.37","1012061750413.47","1086256723480.29","1175890106383.17","1224875494217.86","1138433595639.8","1152370565000.74","1182344082894.48","1172107136519.84","1164716866996.23","1211694199866.3","1261903525720.67","1290118731705.89","1360347107705.72","1441093250658.74","1500108659209.7","1456057791339.53","1570011994141.92","1636057891262.08","1598616935429.21","1648672501305.6","",
"Switzerland","CHE","Gross national expenditure (constant 2015 US$)","NE.DAB.TOTL.KD","","","","","","","","","","","309370754387.577","324448063788.22","335712571276.983","344763439870.501","347463607376.554","309621255922.95","308413590059.539","315021755362.637","325892433210.315","341058255410.428","360744792837.109","355175151128.697","357504784729.14","365587761825.453","361882734999.395","371522338033.633","394321416970.901","402623587408.417","412458953127.223","432044340946.484","454082001865.963","448096301998.73","443381869190.012","441675124299.026","452674349208.103","459674436524.774","462888877021.819","463074551769.777","483098944876.557","492161942786.091","501188506541.547","512724862984.521","512260302458.246","516641456312.77","516607763144.245","537952394632.135","549439038776.115","551861709330.004","567252812185.578","578095317644.063","578502751091.593","605225567491.635","601552403517.216","597311939411.415","609292962762.591","621100914581.85","628535368520.434","638232720462.786","645572160472.035","658211909593.012","654843491007.201","656300273373.505","672289718962.084","686468145128.871","699946982030.187","",
"Channel Islands","CHI","Gross national expenditure (constant 2015 US$)","NE.DAB.TOTL.KD","","","","","","","","","","","","","","","","","","","","","","","","","","","","","","","","","","","","","","","","","","","","","","","","","","","","","","","","","","","","","","","","","","",
"Chile","CHL","Gross national expenditure (constant 2015 US$)","NE.DAB.TOTL.KD","26088767962.664","27239966541.8436","28706869419.6657","30248353421.979","29933954986.3736","29907733374.6896","32899787119.941","33895827029.804","35477096012.234","37397519099.3577","37823043477.4644","41880638381.2533","43455114641.6172","41050618920.9302","36579141834.0757","31896967029.1545","31375882801.5025","35756380179.3416","38782404692.3598","41913719093.1112","44664546522.3798","49915276204.9681","41515596903.2756","38954547571.1021","39832202271.7497","40140069934.9139","41984071397.6863","45460708185.7634","48760467189.3343","54542164233.2924","55949822836.6967","59775690875.0167","68280295772.9541","74791204054.6914","79378270891.7544","90355561787.5339","97799391409.4918","105116641311.445","109789801493.317","105564675373.321","111650460483.829","114200028996.433","117326872360.605","122873487052.9","132405741642.168","146826266409.952","159467718254.657","171163306914.366","186073787191.653","173560912059.728","197163082960.09","216743379703.928","233267752806.859","239917045604.091","238473454623.858","244794733175.748","249476570309.176","256634749318.424","269570583274.609","271831985358.46","246411246209.349","298911721388.978","305852717091.994","294542458420.551","298508625342.183","",
"China","CHN","Gross national expenditure (constant 2015 US$)","NE.DAB.TOTL.KD","","","","","","","","","","","","","","","","","","","","","","","","","","","","","","","","","","","","1547298110542.24","1722945408368.94","1830737044156.95","1993252987418.38","2193928656112.59","2413864596006.3","2676283446385.54","2949386126946.09","3300445695499.97","3686928071514.77","4098904008322.45","4584736147246.72","5240423884222.7","5780528606585.3","6623401145648.46","7431069717064.15","8196237061767.17","8833863730046.39","9555294981985.43","10286072167635","10948409543557.6","11784097144525.6","12563721625503.7","13494290735894.5","14213055791330.1","14454785230164.3","15455255432025.3","15887342854763.5","16875058167331.6","17475849911332.6","",
"Cote d'Ivoire","CIV","Gross national expenditure (constant 2015 US$)","NE.DAB.TOTL.KD","","","","","","","","","","","","","","","","","","","","","","","","","","","","","","","","","","","","","","","","","","","","","","","","","29208274638.5782","28482764481.668","31706599627.4417","26103013818.2475","33790489135.5098","36635883582.8909","40982175550.7191","44901006001.407","48297065900.7744","50488657415.4103","54128181266.7034","56954835427.438","58857826058.1954","63934453753.3475","70195154825.5291","75247903788.3846","75651532394.9206","",
"Cameroon","CMR","Gross national expenditure (constant 2015 US$)","NE.DAB.TOTL.KD","4027006212.59659","4092481491.74351","4236949089.588","4376217911.0194","4522945674.35651","4758549581.44126","5030745129.04406","4434587550.40021","4818497414.91979","4908128705.97376","5170617819.39355","5717347295.51225","5808481954.46011","5920483777.19979","6270204153.62962","7186370449.84883","6791497506.79974","8126888439.12209","9732905244.11605","10132169236.1086","9501749608.95707","11960334266.5763","12818929226.4058","13248530411.1275","13757875503.7786","14857382803.6591","17106749645.4635","16901839894.1406","14158995065.8361","12137288599.746","12179765530.8951","11965749868.6385","10526040851.6068","11425714729.4578","12047678262.6947","12109577556.7573","12792408205.808","13793579987.0034","14544394047.9112","15328778727.4855","16295034283.158","17193179770.0079","17892406585.7161","18730663952.1604","20022155692.7938","20928862087.3067","21461496099.504","22365522396.5237","23820970851.8061","24736027356.9628","25558327165.3616","26588284418.5302","27924837700.6205","29917547889.8367","31967938396.6188","33357512422.2254","34713636041.3939","35926422415.7633","37792322874.3024","39743030292.964","40994831546.4088","40900254529.4384","41508556577.9669","43735087522.0514","45220033397.5809","",
"Congo, Dem. Rep.","COD","Gross national expenditure (constant 2015 US$)","NE.DAB.TOTL.KD","","","","","","","","","","","","","","","","","","","","","","","","","","","","","","","","","","21570996868.0115","20358075906.8007","20619915866.0134","19563164223.9312","18748168195.6496","19031496521.4404","18435673643.2968","18660730579.9562","18380289775.2351","18205410708.6418","21545115895.4789","22580773449.7769","24663960658.8519","26126351943.177","27839306365.4419","30314375829.1299","29879024543.3226","33233948479.4687","34103603937.3753","34838440310.3133","37193945574.7083","41884395856.0603","42485753413.2242","40058817948.9016","43886838869.0395","46324532512.4729","45166343567.4933","44837568484.4261","53291336825.9698","59168165670.7235","59088461754.3747","62550852909.2123","",
"Congo, Rep.","COG","Gross national expenditure (constant 2015 US$)","NE.DAB.TOTL.KD","2025289278.04737","2441177414.41062","1766067957.13219","1382235326.22005","1346343095.42099","1413081006.9548","1691835022.01906","2031915468.04646","2047135686.15908","2060880837.86948","2058070694.13487","2244062278.79788","2463290190.41748","2711102259.30418","2989366360.8221","3373924287.11805","2952118627.62526","2487887996.27711","2299241110.06784","2302096827.04706","3102673346.29019","4787589111.09918","6621651581.21466","5718850513.325","5453642006.6487","5376622492.62852","4106745038.61659","3383603723.23426","3158013026.64658","2958613978.78508","3046460491.00774","3795483728.51289","3418445195.29988","4022909885.2793","5463699416.74095","4467292396.8763","4294597978.28979","3994084645.69686","3604174634.39759","4244527020.20187","4592964198.20432","5035853878.28649","5323363551.91459","5661246167.10978","5831651466.61727","6432662986.00997","6936480011.21136","9659239766.52095","9302094016.44304","9455578683.14873","12384432166.6974","10436206005.7554","12448938241.2318","13106930045.0272","14684652360.0585","16862404843.6877","14821856606.845","10501451777.3202","9249233557.49734","9291383915.64554","7673817111.76645","8536790194.10121","9015871186.74001","9539238423.62393","10074827530.6447","",
"Colombia","COL","Gross national expenditure (constant 2015 US$)","NE.DAB.TOTL.KD","28200522589.9703","30231730337.4835","31936576697.5201","33160203600.1943","36298445781.3869","35743730730.4747","39197167646.6826","39382766318.2052","42298190142.5049","44794805129.901","49116025914.0357","53445460373.7052","55293375223.3744","58593903729.3154","62806987667.7748","62488811424.0206","66852690250.3357","70710995881.7884","76541382088.8313","79886500542.0579","84798681219.3533","88637466393.1254","90788813582.0699","90707005548.739","92143514530.984","92548195715.9793","95488740779.4458","99993502630.3463","105025499354.978","107095199143.368","109739822211.015","110242419336.667","119752814793.695","132530531599.036","147122433201.024","155706491383.072","157971448271.049","164535529962.022","162483515466.952","147390895134.685","151322723646.689","155153311427.04","159280383804.901","165610010613.949","174528649369.294","184477489979.511","199267507904.013","215194013112.496","226348074126.21","227385720571.309","240903573012.329","260722802476.89","273561169741.383","289641954192.846","306978126716.025","314213932629.669","318076019872.957","321616053755.603","332723794523.789","346089920806.229","319905487208.147","362715241687.405","399802439849.052","390077376646.198","398005797884.708","",
"Comoros","COM","Gross national expenditure (constant 2015 US$)","NE.DAB.TOTL.KD","","","","","","","","","","","","","","","","","","","","","455914829.540543","480816802.733208","500329324.408091","515802995.017354","537293957.81737","552228314.639169","563662949.534218","575375581.586983","603976005.619056","598434586.696661","642353519.987481","602739986.363719","647089338.598213","663572144.19738","637119403.1056","673035103.441405","669600281.440321","699133719.045051","699309841.957771","718173020.442277","710942183.787036","749472555.905038","783929703.851462","799096075.380052","823870876.270392","870543582.083493","847433134.61799","845883170.697262","897092629.114122","956373049.95478","952161440.632414","1028177127.73586","1090386875.18721","1120562069.21148","1141526470.80841","1135399276.3693","1154495717.98336","1191574611.21751","1233755301.44671","1266666274.40018","1289981835.83496","1343145189.61428","1376541842.9406","1432008894.09556","1493257080.99925","",
"Cabo Verde","CPV","Gross national expenditure (constant 2015 US$)","NE.DAB.TOTL.KD","","","","","","","","","","","","","","","","","","","","","","","","","","","","","","","","","","","","","","","","","","","","","","","","1900011203.82577","1953775802.98428","1959602561.10905","2024225734.13836","2078103426.03232","1939615859.60249","1888226495.65641","2007944164.47904","1955257373.35999","2096339690.49912","2238321435.8799","2337289279.27997","2430587181.8936","2240791105.20675","2423331379.06146","2540685740.94779","2572132401.67141","2711236100.03669","",
"Costa Rica","CRI","Gross national expenditure (constant 2015 US$)","NE.DAB.TOTL.KD","5384138153.15481","5828463274.07344","5977643640.58791","6323354753.5817","6762486232.54436","7872940788.24366","8071226493.405","8475840516.1275","8880331887.12983","9383251298.8618","10367555641.4459","10876263202.5621","11252950807.7744","11934789694.5961","12649619633.2834","12802610551.594","13741480673.6392","15691136287.9868","16693859859.8924","17374702262.794","17364331943.4948","15158745128.8092","13599744208.2425","14513808697.5864","15553467226.2684","16211952103.3439","17517575875.0862","18126830327.6935","18285564423.9621","19225605265.7858","20051329668.1427","19777436428.3828","21978145030.2456","24045671077.5333","25192335140.7161","25585435137.7132","25700044229.9378","27730281818.9422","29945445808.8443","30102832190.4953","30444827628.945","31280489325.6193","32786403677.7693","34059702906.0349","34811267460.5074","36342161014.6268","39015920610.0022","42706147786.3045","45524496066.0834","42638446984.2864","46277434472.8243","48908411197.9315","51689946568.2747","52704352292.9142","54598009693.389","56872147222.9694","59202533310.9591","61291474834.9823","62484197741.9613","62623640599.5939","59600627805.6114","64738736567.9249","65213594586.8522","67240270663.1851","70142867890.0383","",
"Caribbean small states","CSS","Gross national expenditure (constant 2015 US$)","NE.DAB.TOTL.KD","","","","","","","","","","","","","","","","","","","","","","","","","","","","","","","","","","","","","","","","","","","","","","","","","","","","","","","","","","","","","","","","","","",
"Cuba","CUB","Gross national expenditure (constant 2015 US$)","NE.DAB.TOTL.KD","","","","","","","","","","","26337680220.6632","28598339163.4086","29977606372.1044","31005615669.2236","31312017054.1459","34287695217.0481","36140923702.9285","39280982370.2238","41866826005.4223","42342478164.8547","40341033925.6025","48161127512.9695","52452362068.3955","55303922388.9823","59895843732.8311","61177843989.3506","59919196376.1954","59206081525.9017","61510175665.2577","63138958757.2073","60257574553.0648","52975260012.2606","43326527032.3534","38916058128.0096","38972294206.982","39363424732.4186","41806261206.4269","43007200781.8414","43105875005.9606","45147476612.2544","46533025038.7492","48123313786.1208","48911834801.5898","51543288593.2926","53761571767.2295","56755215768.1384","65783450700.2915","68561158834.4664","69725060815.2973","69041234500.961","72699247940.4984","73562948132.3816","75335994767.4399","78161111332.6992","79804057793.5285","84797225900","87614086936.9127","89061032499.9245","91072734148.6424","91377723127.25","83359034259.3172","85125162258.2832","86069272453.0062","84751993192.5888","83462790657.6414","",
"Curacao","CUW","Gross national expenditure (constant 2015 US$)","NE.DAB.TOTL.KD","","","","","","","","","","","","","","","","","","","","","","","","","","","","","","","","","","","","","","","","","","","","","","","","","","","","","","","","3405195530.72626","","","","","","","","","","",
"Cayman Islands","CYM","Gross national expenditure (constant 2015 US$)","NE.DAB.TOTL.KD","","","","","","","","","","","","","","","","","","","","","","","","","","","","","","","","","","","","","","","","","","","","","","","","","","","","","","","","","","","","","","","","","","",
"Cyprus","CYP","Gross national expenditure (constant 2015 US$)","NE.DAB.TOTL.KD","","","","","","","","","","","","","","","","3257340979.48464","4125579434.19151","5168271989.10763","5525081567.68196","6118474026.56161","6421053522.02432","6143044516.17726","6547177434.2563","6884565169.75316","7698265525.30324","7876422385.00803","7505951727.70437","8241354932.78089","9323872427.55112","10469490907.8433","10811995993.0076","10931396159.1995","12571095704.9076","10592227993.5851","11307712264.9864","12511890603.6947","12621342578.0485","13047079156.0818","13403828672.1809","14125714771.9754","15013850570.5069","15465181287.3915","16352608905.5151","17036983992.0844","18304619055.7669","18974572172.2969","20214923056.5553","21724483674.8103","24077793778.4046","22139794744.846","23191803261.0503","22217136456.1427","21088667750.3531","19029776962.4439","18833718259.4539","19360144724.9294","21023478220.4243","22685962356.7996","23628256936.1477","25143517604.1446","24628915059.5908","25999919974.6546","28476688436.3095","30372102372.8243","31232816224.7996","",
"Czechia","CZE","Gross national expenditure (constant 2015 US$)","NE.DAB.TOTL.KD","","","","","","","","","","","","","","","","","","","","","","","","","","","","","","","119013378545.176","94093638577.417","98299384247.928","100446278431.55","108075885786.284","116396885007.999","125160309719.695","124681440078.885","122629911967.802","124591138143.107","128956572495.073","133900430086.914","138763012102.838","144022498051.086","148382959075.782","152933065016.977","159960989852.842","170059075773.287","173341812680.138","164143904909.841","167906599393.2","167863790646.982","164322965806.169","163979304284.747","168610891889.367","177748503480.868","179962601305.625","187517016186.438","195602866359.309","202878334281.777","192542509460.268","206955556396.633","214012709379.506","208492071362.812","209454774127.148","",
"Germany","DEU","Gross national expenditure (constant 2015 US$)","NE.DAB.TOTL.KD","","","","","","","","","","","1470180192176.22","1530648333567.06","1596587549524.55","1649407992174.28","1619812051863.57","1640007565442.7","1722881228742.05","1778162945306.46","1843047248866.7","1941262835226.77","1955380241113.65","1910744188866.17","1878281382588.38","1926783837771.18","1960196265722.24","1983422554760.47","2058336640724.49","2108201220812.96","2185483660455.97","2257264331610.92","2367898938286.2","2481625095166.16","2550475489692.7","2521316491847.33","2588128789073.41","2627252596910.83","2643628832705.43","2674257425665.43","2740720112742.51","2822920506371.69","2881274096866.62","2887482415342.18","2816674617815.4","2824793805389.78","2811512746949.6","2822988726842.44","2909692090159.92","2959355042145.66","2985586251898.08","2882237716548.56","2972967394885.82","3066205045370.63","3040980336288.01","3068484227639.5","3121300843937.63","3171155377852.73","3263288659681.56","3355342909855.71","3421092795732.04","3471220504808.14","3356794154031.58","3465263510595.17","3576049644548.98","3546325975880.65","3554399160666.05","",
"Djibouti","DJI","Gross national expenditure (constant 2015 US$)","NE.DAB.TOTL.KD","","","","","","","","","","","","","","","","","","","","","","","","","","","","","","","","","","","","","","","","","","","","","","","","","","","","","","2928221793.89305","1870350114.32261","1879408908.90778","2784890127.09719","2939348001.70819","2520470973.73439","2684969612.29193","2835638586.20868","2505565222.1613","2748954730.25952","2967719219.02561","3526144318.80371","",
"Dominica","DMA","Gross national expenditure (constant 2015 US$)","NE.DAB.TOTL.KD","","","","","","","","","","","","","","","","","","","","","","","","","","","","","","","","","","","","","","","","","","","","","","","","","","","","","","","","","","","","","","","","","","",
"Denmark","DNK","Gross national expenditure (constant 2015 US$)","NE.DAB.TOTL.KD","","","","","","","102529441751.515","109555442123.24","114756714343.344","124014574855.798","128224279688.724","130706111428.285","133811274185.96","143033447356.898","139902537625.942","137462889876.787","150118852097.745","152125779689.949","155841987339.429","160304303818.832","154784116472.579","150530731171.521","155854206746.252","158358149466.416","165407606056.227","173990767632.124","185973922469.213","183369756449.928","180875626995.686","182071482048.853","182256423337.716","183388548677.144","187090681713.072","185448953670.079","197530572472.202","205850319339.642","210623364973.224","220123488794.784","227660997946.315","226943493826.339","234797885917.383","235750194099.442","238145637279.018","239683167241.466","250179826075.614","259240254517.649","272180687760.546","277423039973.117","277050698345.808","260009314589.814","261983599888.256","265019667149.391","266938088999.557","270748774909.067","275381113081.368","282149754091.385","291633901018.67","299490123655.694","308335002264.018","310876642614.377","310426289307.076","333315745951.42","332319823363.564","320009005949.13","323681973604.388","",
"Dominican Republic","DOM","Gross national expenditure (constant 2015 US$)","NE.DAB.TOTL.KD","4370459681.81955","4303827450.91884","5441977294.81954","6114879622.13559","6675241859.45172","5537265232.48663","6561111841.43355","6695852294.6563","6789325803.79076","7425435818.22669","8630392253.33236","9068606292.05397","9528472083.79144","10683920167.0337","11780455240.7716","12375779248.943","12598734915.2957","13385166885.9354","13519994091.1243","13592014149.0986","15963989949.8636","15939792857.5245","16254590736.1284","16849040075.1082","16935583259.1202","16673768649.4885","17792920703.2749","19723388497.6442","20777969942.6113","22157381536.0144","20352878504.5257","20865654778.2461","24030580001.6446","25522483840.628","26275559436.261","27494135306.6881","28754057464.8049","31820140886.1337","35271824659.0419","36795782840.4698","38499789755.2153","39377710828.6962","40982949082.3664","37384954855.1172","38613126247.3329","44184058456.8787","48978023432.9774","52871899292.8343","55954993183.1184","55736221773.4499","61000700188.2369","61920891353.0409","63018667185.0378","64164926811.18","67963842959.5768","73999515678.5809","79085043933.2113","81065786162.6303","87884187035.437","92429145985.2197","88686738773.0918","99322965928.4504","105394011237.831","107883616486.491","112152141554.998","",
"Algeria","DZA","Gross national expenditure (constant 2015 US$)","NE.DAB.TOTL.KD","","","","","","","","","","","","","45676747903.16","46039354104.6214","51356108810.9379","56857132516.643","57977860281.0216","71083938313.9957","79081319186.4133","75522495151.9159","85691787673.7332","94505817227.8087","94910938430.2111","99755131285.3442","103623317036.632","109372761667.897","98189442122.1509","81174822887.2108","81250742069.562","86525970184.3741","81525188835.5989","74230680834.2722","73013946250.9268","69726989326.7284","72628666596.2611","72901993121.7174","68524497381.5423","64821237950.5109","73224496687.8908","72238037761.2301","75176840764.7975","85093973484.1068","92499670780.034","97876686737.2213","104616948836.829","110273431977.469","114859119670.469","123050657572.372","133609439115.09","147250249016.384","157097648653.082","161525815932.157","174452131033.228","188000942172.965","200278123569.955","210271245221.031","213089772473.493","213127984280.203","214877449409.18","215276626357.1","201638209278.612","203244761899.898","210526900340.493","225828160107.144","242017980661.449","",
"East Asia & Pacific (excluding high income)","EAP","Gross national expenditure (constant 2015 US$)","NE.DAB.TOTL.KD","","","","","","","","","","","","","","","","","","","","","","","","","","","","","","","","","","","","3152410171151.58","2875760289096.49","2913675295676.3","2470578196897.6","2509574349126.65","2574028413563.89","2687984438743.56","3641710767325.22","3332725793152.96","4252269450269.79","4545390546749.97","5196180750772.84","6589480395480.1","7181851609343.69","8178993787316.84","9091898413312.84","9957960376461.9","10728750120365.5","11560134898139.3","12402103957058.3","13196374604295.9","14173488432752.7","15101236633976.8","16202486707904.8","17054297725389.4","17196508061672.3","18320493282076.9","18909054865610.9","20048271555307.2","20822092879073.4","",
"Early-demographic dividend","EAR","Gross national expenditure (constant 2015 US$)","NE.DAB.TOTL.KD","1015560113436.64","1069841905005.18","1095781711471.55","1137000146099.76","1247860255103.05","1395861531772.76","1444732615634.52","1514769768467.89","1609349283896.93","1698609542848.68","1798469919703.29","1880084533142.21","1979042681795.44","2101602144671.52","2300378994249.96","2489450252411.78","2629791993354.11","2737124612170.6","2789855616168.68","2830019009221.42","3072876645421.84","3198488852282.74","3123717112288.9","3697489369499.6","4062735899914.98","4531755839181.82","4473383801034","4302984756746.53","3594745981535.58","3731762262222.36","4297216478950.56","4234506835801.8","4493791132870.78","4775782628932","5225817477290.28","5344135882595.04","4978870247892.1","5111754622351.61","4623968084603.02","4539292957594.12","4471762744116.92","4402118352585.39","5196214545593.74","4655594425163.71","5552449470728.85","5740020263413.09","6313334808585.47","7556756637614.39","7889945443196.01","8070629708581.77","8579989442364.71","9060064825045.04","9460574380760.33","9744175572864.81","10130401807591.2","10438725727973.8","10772268269614.7","11273120836194.8","11702275866817.9","11887113787065.3","11217700668272.3","12203533434302.9","12969522876371.8","13548944659113.8","14103167656947.4","",
"East Asia & Pacific","EAS","Gross national expenditure (constant 2015 US$)","NE.DAB.TOTL.KD","","","","","","","","","","","","","","","","","","","","","","","","","","","","","","","","","","","","9088264666580.02","9055260157789.97","9157184703036.96","8485511116834.3","8658332980739.72","8955920982970.06","9155501940188.87","10247067844934.3","9987155335824.25","11118833658813.2","11580224750724.2","12386694358981.4","14000136305974.6","14592334081071.4","15399709255116.9","16664622129723.2","17693179390279.8","18661276348487.1","19728922732256.2","20724331139135.5","21707291540651.9","22869671851589.5","24044170185399.3","25331046095093.8","26306490390702.9","26245723224157.5","27690064474229.5","28494508900716.5","29764051025981.1","30657729277076.8","",
"Europe & Central Asia (excluding high income)","ECA","Gross national expenditure (constant 2015 US$)","NE.DAB.TOTL.KD","","","","","","","","","","","","","","","","","","","","","","","","","","","","","","","","","","","","","","","","","","","","","","","","","","","","","","","","1537341226497.56","","","","","","","","","","",
"Europe & Central Asia","ECS","Gross national expenditure (constant 2015 US$)","NE.DAB.TOTL.KD","","","","","","","","","","","8176916302200.7","8451906625504.62","8827954128840.1","9353911701708.47","9490132372578.91","9386854011370.64","9824742783450.86","10010778221561.6","10286283410275.1","10736634735650.3","10937084091282.9","10804412244702.4","10897489064058.8","11048597769504","11247451255272.9","11528735943102.8","11992660906644.1","12415147908936.6","12991509461562.8","13477169616778.6","13876424176301.7","13890707725029.5","13705381253826.2","13364241213070.8","13556851236115.6","13778205238898.1","13990383559641.9","14346494637006.3","14786951086734.4","15249370545119.2","15875313685730","16251292616885.4","16437401437070.8","16792918479144","17270890069266.9","17767229629297.7","18457198728306.6","19210020477135.8","19420474783905.4","18480270929235.3","18913456308522.1","19242397475716.6","19138033282271.5","19204816893032.9","19555702789262.8","19868311360903.8","20267690479668.3","20811625825115.5","21257980047079.7","21758763150227.7","20500514535390.8","21660050982714.2","22508597286562.4","22683796045746.3","22997327017297.9","",
"Ecuador","ECU","Gross national expenditure (constant 2015 US$)","NE.DAB.TOTL.KD","15042697609.7888","15792319695.5645","16211018694.1589","16602140234.1759","17973182534.2784","18486678956.9294","18454940677.8681","19747101302.7058","20465900053.7411","21520338635.9151","22946251965.1019","24930058566.9106","24392422111.2914","25065323248.0603","28981261312.0315","34132605995.9362","36490037816.8561","38439424838.0392","40418658730.9","41792108846.5928","44161025272.0944","45930992573.3421","46840729333.6836","44177576904.3859","44769422665.8399","46702318911.0245","47369894019.4739","49762567785.8034","47782715874.0241","48552997258.2965","50124801936.3183","51675685453.0543","52623154031.9682","52781325029.6608","55146336502.3936","56241831110.6466","55838857666.6602","59817225420.5261","63700552834.7438","54260953634.9254","48549136245.9665","47731834850.3528","52427832321.7667","52562790909.5698","55023463609.1326","58985804084.002","62024651965.8947","64667526457.3828","71342136147.8965","72171854286.2767","77788292806.178","83644776268.9761","87364099131.7084","95213176240.7865","99497631065.4289","99463914000","96624062786.3494","104923313770.616","106522848815.752","105493250583.146","91563505252.2453","102320687601.797","108846862807.93","110865288381.623","108462957337.069","",
"Egypt, Arab Rep.","EGY","Gross national expenditure (constant 2015 US$)","NE.DAB.TOTL.KD","36237617926.3174","37887928230.6302","40048095130.7563","43058186564.2249","46253613321.038","48391194764.6621","51176339920.4114","51725493377.1126","53154477386.1571","54857209829.4076","56803939886.6274","58561677756.7399","60310860685.6095","61891184409.0842","61527988084.4789","64239557977.9789","71092694194.821","73590476426.955","74554645056.3208","72805916410.6604","79651994507.1962","81367188045.1003","84819494252.9245","92505952918.4277","98755187174.4554","103778270601.357","108238934764.966","112617465685.638","117545301547.75","120303743416.838","124872002979.688","128865177513.401","132992298401.504","134438686468.877","141500516713.554","147797458110.202","157722890568.694","168339924897.935","168479720595.745","177789913643.025","187495618426.908","193629877191.42","198970846802.337","201482615793.283","206701972948.024","217729388392.613","233094655292.405","253405523205.36","271115946813.93","279698130564.035","292897795333.837","305251996274.092","324014627058.907","329098417932.563","343341942128.339","357291105121.294","376810181050.404","395868206646.469","405356978025.948","417940390850.059","431939358112.35","453548935376.78","473643696970.738","476064679628.446","504598832494.698","",
"Euro area","EMU","Gross national expenditure (constant 2015 US$)","NE.DAB.TOTL.KD","","","","","","","","","","","4634081428610.1","4800353208393.1","5027779037274.04","5327274198294.28","5441263440118.63","5396148608320.45","5687463545387.33","5830607599886.65","6000283399233.47","6272514988371.41","6432542528755.83","6352628024235.98","6385543922979.53","6441075274562.17","6537350959875.94","6680970196440.92","6923864426337.63","7167035240292.51","7490034189514.91","7792559461492.7","8083727721944.14","8288381749693.91","8405573821090.66","8236504065693.31","8424478877473.95","8606461031475.6","8732158448165.08","8936311615433.7","9272932648702.57","9603792932279.67","9932527388959.55","10101549489436.4","10139470539035","10277820109045.6","10466534784474.6","10671424158321.2","11010678822728.8","11329740976152.2","11361289292083.5","10916126496541.4","11081148679754.8","11181831948611.2","10925981058248.9","10871924933341.4","11023647161985.4","11297510725714.7","11545669457125.6","11826723002811","12051816063252.7","12326409423573.2","11628452262089.7","12232580528954.4","12716374845890.5","12728210118309","12804272900132.7","",
"Eritrea","ERI","Gross national expenditure (constant 2015 US$)","NE.DAB.TOTL.KD","","","","","","","","","","","","","","","","","","","","","","","","","","","","","","","","","","","","","","","","","","","","","","","","","","","","","","","","","","","","","","","","","","",
"Spain","ESP","Gross national expenditure (constant 2015 US$)","NE.DAB.TOTL.KD","","","","","","","","","","","379280092580.858","391823368985.829","428130777676.744","464968986497.417","496304329750.477","499549225558.903","520718425042.77","524145869630.033","524934511553.779","530233859979.59","542815209969.233","533413868542.583","538818492896.585","540829591444.603","540110096011.824","556924912177.252","585492298555.248","631069149965.107","672896263182.982","721276460310.979","754217148846.048","777564055128.324","786304367871.676","761848664470.635","772789644046.627","795906190444.13","812433454928.24","838462367940.288","885955216088.995","937416488386.395","984316118069.701","1022034569237.74","1056516354249.36","1094284577474.54","1144627929702.54","1200213374414.54","1259575067691.27","1308882912406.57","1301942028583.8","1226982103459.69","1222193530975.49","1188229811515.26","1131632040398.6","1098779839299.1","1121717638437.95","1169794944998.44","1192962850946.28","1230161613508.3","1268798414880.41","1289599695943.89","1173058569455.05","1255646161812.89","1307535337177.51","1329084925389.13","1373996785238.79","",
"Estonia","EST","Gross national expenditure (constant 2015 US$)","NE.DAB.TOTL.KD","","","","","","","","","","","","","","","","","","","","","","","","","","","","","","","","","","8125723304.15523","8298149283.55576","8914261495.4881","9676848350.34419","10983027964.5683","11679027614.2949","11313001608.669","12192832026.3316","13124529668.9481","14705790024.081","16306289699.986","17423447197.7888","18781959815.6416","21946406289.6791","23937251190.6801","21992517744.1893","17551777898.9476","17659914303.8876","19267158703.6414","20886217426.1617","21266768582.4921","22049388906.7288","22411369307.934","23370849417.8086","24554578589.4436","26141104139.7857","26833446067.6068","26639503990.3008","28849494937.5355","28497829627.1743","27787528823.8019","27715252509.1887","",
"Ethiopia","ETH","Gross national expenditure (constant 2015 US$)","NE.DAB.TOTL.KD","","","","","","","","","","","","","","","","","","","","","","","","","","","","","","","","","","","","","","","","","","","","","","","","","","","","47349393913.6151","53118426635.5845","58401958385.8679","65685663607.269","75101351196.1723","80298753626.4301","88122167727.2036","88138036314.0236","98350522041.303","102390208156.678","107835210073.121","113148768456.858","119493677991.572","129545832364.77","",
"European Union","EUU","Gross national expenditure (constant 2015 US$)","NE.DAB.TOTL.KD","","","","","","","","","","","5282890953062.08","5458641060709.68","5707037438715.13","6039567174479.33","6168308943296.32","6128482241450.05","6457142464272.38","6602204374507.21","6780041846654.31","7087632147838.31","7256446562973.31","7163150075897.52","7205396154064.25","7263992313106.68","7383579986537.82","7556337555788.55","7834222007530.18","8102021837129.21","8451741919874.98","8787000728114.29","9097555574609.55","9261580383697.59","9379845361037.91","9201351280342.73","9431655128000.43","9646309181334.39","9811598577717.23","10041807488805.2","10424102148138.2","10783841273923.3","11160156406602.6","11347067690040.8","11414525404753","11586071501731.3","11840587969556.4","12090846666047.9","12513907667715.7","12925496525940.6","12999603413888.6","12474046042005.2","12677386580490.6","12817853222103.2","12555542618278.8","12503708418550.4","12717436756745.9","13058278296349.4","13352755372481.6","13713153658271.9","14023121932376.2","14352258191222.3","13608931440393.1","14355439999512.6","14909838982513.9","14866335695557.3","14989785462418.3","",
"Fragile and conflict affected situations","FCS","Gross national expenditure (constant 2015 US$)","NE.DAB.TOTL.KD","","","","","","","","","","","","","","","","","","","","","","","","","","","","","","","","","","","","","","","","","","","","","","","","","","","","","","","","","","","","","","","","","","",
"Finland","FIN","Gross national expenditure (constant 2015 US$)","NE.DAB.TOTL.KD","","","","","","","","","","","85615024182.7958","87424950799.1769","92174705200.9802","98551697762.2018","104571077252.486","107544430732.51","104874487752.929","104163184586.383","103850026244.43","112992386050.118","119303702277.219","119415763278.888","124801338196.489","128247485849.632","131569367288.856","136404624421.246","141060141190.271","148083357124.258","158111135209.23","168781321050.958","167272382086.339","155488246421.221","146946106114.399","140260181682.496","145375036802.437","153953789936.461","158884464800.28","167897037937.839","177919268449.614","181996728612.309","189161962614.673","192759002838.26","195378562962.118","201468679621.162","208840282873.8","217304756689.076","222219898762.101","232648210645.981","235113548594.437","220638843146.447","228275620075.087","236864360045.623","234689714445.14","232474017333.495","232188872981.669","234757394475.781","242279892049.204","245886917763.13","252284370006.249","251381226242.161","246996431599.463","254810731408.436","261412332457.065","251096081041.175","250443688008.165","",
"Fiji","FJI","Gross national expenditure (constant 2015 US$)","NE.DAB.TOTL.KD","","","","","","","","","","","","","","","","","","","","","","","","","","","","","","","","","","","","","","","","","","","","","","","","","","","","","","","","","","","","","","","","","","",
"France","FRA","Gross national expenditure (constant 2015 US$)","NE.DAB.TOTL.KD","505825866458.907","532263300149.985","573198442226.085","611277084027.495","655940942711.152","680454647276.488","718575407771.991","754875027972.832","790408806324.22","851114707291.007","892783669168.799","936774141167.44","983821215267.734","1048268515919.45","1083362796191.73","1062792770326.84","1127087699382.92","1153755931719.36","1194886514095.65","1242661766822.26","1269695190973.61","1270278348251.15","1316182426303.24","1311766217120.07","1321846955084.19","1351159623947.71","1407546268018.99","1458395353886.15","1528783899223.14","1589619347170.55","1639512730388.72","1648661401499.31","1659292651429.5","1640661974764.23","1680155684410.93","1711339901416.41","1727634437774.17","1747895555231.67","1820788187969.04","1889859471741.71","1974120230956.73","2007732903571.11","2029753109687.97","2061596157037.93","2124076254408.09","2174954022155.23","2236570932896.41","2310401914473.01","2323760078443.56","2266554284402.65","2312936107934.62","2365667827036.17","2354302913397.42","2374176945461.07","2409327799941.23","2445358200542.11","2479544458716.68","2531754531497.61","2568751477649.64","2619560792661.42","2460996445028.25","2609808967483.72","2682557173668.1","2694282665812.36","2691835053952.68","",
"Faroe Islands","FRO","Gross national expenditure (constant 2015 US$)","NE.DAB.TOTL.KD","","","","","","","","","","","","","","","","","","","","","","","","","","","","","","","","","","","","","","","","","","","","","","","","","","","","","","","","2552755262.52072","","","","","","","","","","",
"Micronesia, Fed. Sts.","FSM","Gross national expenditure (constant 2015 US$)","NE.DAB.TOTL.KD","","","","","","","","","","","","","","","","","","","","","","","","","","","","","","","","","","","","","","","","","","","","","","","","","","","","","","","","","","","","","","","","","","",
"Gabon","GAB","Gross national expenditure (constant 2015 US$)","NE.DAB.TOTL.KD","1190900917.53601","1411221587.06956","1478908276.97646","1522258370.55452","1512110469.11411","1615139586.87085","1774486004.3537","1783211773.70434","1832231231.26768","1948291273.39531","2092365648.10959","2310067219.82404","2662499741.51545","2951965037.23758","4799313496.70289","5824632697.85884","7777138723.98912","6823982822.26114","4559187786.08996","4712979208.63677","4979473148.22639","6302171498.19788","5893126026.50741","6441696065.57672","6471919819.57756","6581740850.01552","6542249905.39223","4485749332.96514","5354138264.73587","5144233272.91529","5035713547.37253","5290705019.84461","5047211363.37938","5033367565.10729","4768249501.21959","4887013189.09804","5111611447.58452","5696303235.40154","6765723582.65124","5552600035.31429","5453422972.4787","5793015177.99191","6302373681.86826","5935818256.93843","6034871731.08486","6273843309.42406","6765863989.44048","7227662719.07803","7580948317.56157","7646322522.8031","8732264329.57227","9693782337.0464","10829329504.9984","11531236288.8049","12415494158.1332","11777717742.9936","11798458326.2575","11309027086.4847","13833052269.4086","15432665523.007","14066294595.5527","14911733998.1127","15613158868.2141","16126813167.8583","16264467218.88","",
"United Kingdom","GBR","Gross national expenditure (constant 2015 US$)","NE.DAB.TOTL.KD","","","","","","","","","","","1026392232187","1052753122051.88","1102645478882.38","1184448795429.9","1160950099297.47","1149850248780.11","1177501307816.42","1174420194120.91","1220287105418.46","1263697347410.03","1236942703220.53","1223492328071.34","1250404731225.8","1306419436176.73","1344779071640.31","1383558381948.78","1449045580133.58","1520465763559.85","1638722064448.55","1688605915969.82","1688373970877.94","1651993770037.91","1681416752204.27","1735152962945.83","1806181442364.34","1851025054053.71","1908746312241.1","1988999505175.37","2075488477320.45","2157193095436.71","2252430604117.49","2329084401082.35","2391847030769.72","2468929922255.39","2541998951025.03","2614057942179.03","2663128627969.23","2742531690577.56","2715294133230.73","2598170421966.95","2674794555740.37","2667383381022.18","2722434574860.57","2791967715813.93","2911674170697.31","2985842944313.96","3058648015393.43","3121471092590.83","3167044636297.37","3219100981900.63","2861212334639.11","3126939849959.77","3276696808374.96","3292935273776.9","3347767114534.86","",
"Georgia","GEO","Gross national expenditure (constant 2015 US$)","NE.DAB.TOTL.KD","","","","","","","","","","","","","","","","","","","","","","","","","","","","","","","","","","","","","","","","","","","","","","","","","","","13469482756.7755","14547788294.7594","15577746242.8584","15481560983.2455","17028488209.8116","17772607125.766","18142623304.0827","18793406464.9091","19795757071.9768","20536128597.9584","21315444181.383","22681560673.6935","23365774663.4028","25196985113.5852","28059943405.0394","",
"Ghana","GHA","Gross national expenditure (constant 2015 US$)","NE.DAB.TOTL.KD","","","","","","","","","","","","","","","","","","","","","","","","","","","","","","","","","","","","","","","","","","","","","","","34260135437.9885","37421088697.8922","42020190609.0049","38882858569.0117","40569879140.865","46858062547.7103","53246070071.1235","54686806688.8668","53787897573.5662","53815849973.386","55122062670.1545","57107748331.1561","60458539455.5996","64538931455.3146","65904186148.5277","70593667854.1917","73429828260.9083","73927036990.9138","78244364197.1227","",
"Gibraltar","GIB","Gross national expenditure (constant 2015 US$)","NE.DAB.TOTL.KD","","","","","","","","","","","","","","","","","","","","","","","","","","","","","","","","","","","","","","","","","","","","","","","","","","","","","","","","","","","","","","","","","","",
"Guinea","GIN","Gross national expenditure (constant 2015 US$)","NE.DAB.TOTL.KD","","","","","","","","","","","","","","","","","","","","","","","","","","","","","","","","","","","","","","","","","","","","","","","6801368773.63935","7252127379.38987","7389018889.16665","7328473500.57184","7631076878.41396","8588281459.82734","9499458601.32108","10454588154.7833","10404731507.8403","11384005724.2103","14763470164.4909","12097385345.3452","12721454309.347","13339075503.859","14867987526.9378","13923162619.2161","13833903574.6766","15752106220.4647","18188189356.2016","",
"Gambia, The","GMB","Gross national expenditure (constant 2015 US$)","NE.DAB.TOTL.KD","","","","","","","","","","","","","","","","","","","","","","","","","","","","","","","","","","","","","","","","","","","","","1181639362.66456","1183510577.69103","1182501272.43781","1221671008.82851","1307001017.01067","1397338629.55108","1503032030.8976","1319147313.86651","1383194271.1464","1438891373.3937","1440466161.74759","1520647296.97836","1625322926.7593","1721454095.49736","1853295577.50151","2032968072.69325","2270351195.65184","2297045965.06436","2354910356.21643","2561494156.90365","2640448742.25922","",
"Guinea-Bissau","GNB","Gross national expenditure (constant 2015 US$)","NE.DAB.TOTL.KD","","","","","","","","","","","","","","","","","","","","","","","","","","","","","","","","","","","","","","934799224.208862","663791022.801665","766050315.483636","783143897.729481","818024216.790286","814946094.681756","780922924.012852","853251293.86279","861569235.2898","939082924.676","956819572.459592","1028402044.82879","983076612.778423","1062292568.06349","1076108524.15344","1078519880.55386","1075683539.66758","1108265542.11592","1198348394.82489","1292351279.32902","1368857643.99506","1340429007.26669","1534054668.77526","1560848368.016","1646750638.41746","1797070685.70201","1872474519.31592","2024492579.08288","",
"Equatorial Guinea","GNQ","Gross national expenditure (constant 2015 US$)","NE.DAB.TOTL.KD","","","","","","","","","","","","","","","","","","","","","","","","","","","","","","","","","","","","","","","","","","","","","","5145449142.49415","7248078259.99374","8644410690.10367","10677909079.3427","11047078006.7059","11607384065.3619","12438105770.1674","15149980176.9015","13725628283.7912","13297698294.7321","11281657691.4214","9844722802.4562","9818211903.33484","9858376179.95764","9773537038.32594","8664166490.87408","9031263480.39445","9459155502.33073","9957177684.78351","10085846851.3185","",
"Greece","GRC","Gross national expenditure (constant 2015 US$)","NE.DAB.TOTL.KD","41643959011.439","47040007884.0831","47807645529.6977","53379268372.2399","59357000280.2742","65814560080.9123","68991293681.7583","73069910303.3146","78963913988.1954","88176816681.0681","95552139545.2007","102388910681.036","112196918979.268","122502274876.324","113111196660.58","119403178871.102","127069052915.939","131774698922.047","140250960847.591","143843183862.951","144575404205.219","142193709421.875","143741081612.697","144060154574.069","144513713307.61","148553140582.736","149030997503.252","145342785553.361","153766523251.977","162041293780.565","165552952628.815","171250274181.779","170493609881.857","168931156713.776","170748063375.571","176617710800.12","181365440585.132","185919312768.749","197101509303.519","202674874411.759","211521131137.891","220953702056.457","229907267649.964","245642649556.987","255402265481.616","257526633557.111","276702793641.339","290653583487.519","291148451214.51","273360310569.634","253963802646.049","223676256211.584","201471084949.002","193775260757.566","194696919125.488","196316625044.381","197873194311.257","200166895330.674","203800550461.057","206924827417.121","199410376608.796","213588283416.088","229841341300.191","232562947152.493","240844374267.012","",
"Grenada","GRD","Gross national expenditure (constant 2015 US$)","NE.DAB.TOTL.KD","","","","","","","","","","","","","","","","","","","","","","","","","","","","","","","","","","","","","","","","","","","","","","","","","","","","","","","","","","","","","","","","","","",
"Greenland","GRL","Gross national expenditure (constant 2015 US$)","NE.DAB.TOTL.KD","","","","","","","","","","","","","","","","","","","","","","","","","","","","","","","","","","","","","","","","","","","","2077641038.45723","2146774293.63827","2339594674.70375","2419196195.61535","2577462454.1261","2849963808.62773","2798288879.54853","3238388990.1501","3504589645.85239","2943688061.12393","2794306821.24973","2646196877.90504","2697569987.21891","2797231408.44309","2797114764.53141","2803195958.17159","3135476137.44336","3157261776.70953","3344469749.02892","3346637594.02481","3335985595.41537","","",
"Guatemala","GTM","Gross national expenditure (constant 2015 US$)","NE.DAB.TOTL.KD","8706973534.03354","8990853457.71557","9300815980.5027","10121875490.9931","10940341711.1472","11311593518.3087","11517726940.5866","12311426218.7561","13215167767.9453","13560532445.3165","14448366935.3036","15321635439.0126","15912646058.7577","17007551981.541","18023986135.238","18349179683.471","20740386988.0941","22493159201.3198","23840399408.3126","24094903418.7733","24221303317.9614","25063353442.9465","23724221269.2873","22460354730.4882","22648710038.659","22109240936.0491","22405002639.0192","23938055600.9034","24993331375.0538","25779592487.7806","25941581076.4716","27338519255.6801","29662826030.9997","30930035777.0826","32081052928.3329","33571623997.3314","33800938960.2294","36126060898.9888","39281457863.9801","40684102122.6399","41738617228.5936","43398580418.91","45162756622.3388","46274060994.5756","47621027872.7364","49073816987.9112","52013945848.8926","55138428540.7964","55296072317.0682","54197069226.5878","56564297553.5079","59694257434.1598","61589720574.5227","63503671533.3737","65791316801.0186","68549961377.2508","70100454316.0461","72405132374.1272","75433682750.0813","79109597980.7139","77615727957.1343","85658129161.1539","88978789448.6461","93483691886.5569","98466237082.0405","",
"Guam","GUM","Gross national expenditure (constant 2015 US$)","NE.DAB.TOTL.KD","","","","","","","","","","","","","","","","","","","","","","","","","","","","","","","","","","","","","","","","","","","","","","","","","","","","","","","","","","","","","","","","","","",
"Guyana","GUY","Gross national expenditure (constant 2015 US$)","NE.DAB.TOTL.KD","","","","","","","","","","","","","","","","","","","","","","","","","","","","","","","","","","","","","","","","","","","","","","","","","","","","","","","","","","","","","","","","","","",
"High income","HIC","Gross national expenditure (constant 2015 US$)","NE.DAB.TOTL.KD","","","","","","","","","","","15858594212541.6","16435223785158.4","17308704130273.4","18335526607267.6","18401602975581.5","18376254113519.8","19305322988321.5","19925363129081.1","20741398105039.5","21557149611742.5","21659250062460.6","21848587528890.9","21947705786472.4","22653855004548.1","23663321103909.9","24559996130632.6","25540237963472.8","26511507364248.1","27780118065459","28879542895260.2","29717236730030.2","29922747662844.5","30221842843110.5","30409137654340.3","31293246495090.8","32094730313939","33056376126580.1","34102449992353","35097033523796.3","36478403472404.4","38052888698287.4","38690021552237.8","39338171965391.5","40290783869527.3","41665573507742.5","42985918421517.1","44365349645025.3","45614974050761.7","45787605695316.4","43967315406236.6","45254791529011.6","46067244489313.5","46560168213372.3","47220748318496.6","48298709989757.2","49475984755358","50331572731283.3","51671935422391.1","52935174874056.1","54114810841314.9","52020630956686.1","55214151510949.1","57195005854996.8","58015349901813.3","59183344508622.8","",
"Hong Kong SAR, China","HKG","Gross national expenditure (constant 2015 US$)","NE.DAB.TOTL.KD","","","","","","","","","","","","","","","","","","","","","","","","","","","","","","","","","","","","","","","","","","","","","","","","","","","","","","","","301993614345.148","","","","","","","","","","",
"Honduras","HND","Gross national expenditure (constant 2015 US$)","NE.DAB.TOTL.KD","559674026.159993","553207488.656054","554894471.020469","517083057.217583","517089327.092031","522950928.544824","526859285.276467","539351369.586733","542999736.769058","565639193.759442","580064281.323125","607708581.638825","639426101.400604","654148094.067322","748125551.532215","768506983.261967","870744659.438554","910275397.54724","986601412.219995","1149729347.81651","1304950620.43896","1494644744.51107","1584909740.62192","1709756988.56058","1735646700.13534","1823863192.96789","1837263242.89915","1899801235.61895","1984022825.25148","2159959217.88692","2648329131.01538","3238269346.00158","3587432614.31921","4185531645.36922","5160219602.01389","6495110014.49704","8231086725.44156","10314363452.5284","11326435933.5931","12588393734.6305","13903093262.8048","14270341556.7683","14555285365.2869","15198794685.8294","16532236156.3271","17328129012.6306","18668303014.9116","20761015301.3179","21736607203.9584","19325313257.8154","20171454534.5248","21523678389.0467","22070881364.4338","22209183992.3943","22893481485.0471","24531857230.5757","25040985280.2471","26594887122.4484","28056149135.4528","28314658049.2352","26002740633.9182","30839562441.7523","32573567720.7076","32856368915.5327","34911844840.1997","",
"Heavily indebted poor countries (HIPC)","HPC","Gross national expenditure (constant 2015 US$)","NE.DAB.TOTL.KD","","","","","","","","","","","","","","","","","","","","","","","","","","","","","","","","","","","","","","","","","","","","","","","447439519980.75","480704010398.313","511854612580.845","516380217460.854","552761550674.252","579875039798.674","624759275185.642","664388358837.799","702294591132.964","742009427828.202","774084290850.683","804292706524.3","845256542050.814","882748748332.2","888040185442.243","945755868016.785","1002744714375.48","1039215556400.13","1087190773656.5","",
"Croatia","HRV","Gross national expenditure (constant 2015 US$)","NE.DAB.TOTL.KD","","","","","","","","","","","","","","","","","","","","","","","","","","","","","","","","","","","","33989351709.6063","35458228139.6348","40209090096.2313","39435821515.3544","38559950819.147","39069738437.3727","40674219565.3162","45111916252.5752","48413258307.0052","50195410761.2852","52487207584.1608","55186077065.3379","58222557115.4901","60573622593.5225","54575338565.0179","52119066715.1591","52165383546.7613","50838352373.5586","50926826461.9441","49921410431.3726","50891822209.3027","52527935852.0527","54610336510.3519","57205750198.2592","58948783104.9478","57264305169.8675","61266100179.2692","65951840247.1655","67265895704.8731","72157406973.1453","",
"Haiti","HTI","Gross national expenditure (constant 2015 US$)","NE.DAB.TOTL.KD","","","","","","","","","","","","","","","","","","","","","","","","","","","","","8116436602.23525","7603899244.39277","8116127946.16823","7977463687.48885","7593116682.44042","7994679466.64492","7132586904.12773","8687743692.44852","9836383870.01547","10178025263.0899","10426081308.9496","8716663512.61359","13218953486.7606","13135658970.2374","13186506726.0908","13584022807.0411","13485398695.9767","13651892070.7573","14377981264.2202","14537309715.7082","15156112307.4108","16093086880.2836","16223861069.3037","16087224407.0035","15896209633.3346","16841651408.1402","17047627034.3347","17567006871.621","18552397788.8541","19551945297.5877","20131205800.8013","20142061048.1029","18858542156.6483","18795434855.466","18826774853.7369","18679321386.7153","17522122740.7017","",
"Hungary","HUN","Gross national expenditure (constant 2015 US$)","NE.DAB.TOTL.KD","","","","","","","","","","","","","","","","","","","","","","","","","","","","","","","","78847625407.3391","76003397904.0569","83540253081.3872","85322548952.3307","81330015846.1967","80801415377.993","83630070988.6393","89770003863.311","93243712512.8401","96986737688.6101","98878694386.322","105486279340.644","111537996947.773","118402883465.124","120239855085.147","121998743642.147","120725321632.972","121240524434.759","108641548186.552","108501538224.226","108177817581.216","105348800174.656","107541414006.755","113560622939.304","115751836968.487","118089099682.345","124677911633.217","133886000658.909","143618159867.662","140450714137.781","149896273990.932","156595034706.684","145641703570.121","144240821228.5","",
"IBRD only","IBD","Gross national expenditure (constant 2015 US$)","NE.DAB.TOTL.KD","","","","","","","","","","","","","","","","","","","","","","","","","","","","","","","","","","","","8922716949833.59","8818539438030.03","9145612582388.09","8778587542821.77","8866479784026.47","9244907428770.05","9552976657016.14","10664304128026.8","10640727078042.4","12095772884862.3","12849673193430.1","14164430513475.7","16407805000239.1","17587182297563.2","18339196529387.2","20037424097890.2","21552356699258.9","22742320857557.3","23883728374960.8","24980276043711.6","25709179692336.1","26854258655917.5","28283753368923.7","29809207813745.1","30842164227343.1","30234533804166.9","32468079201221.5","33774623512555.8","35580444836462.1","36997925527592","",
"IDA & IBRD total","IBT","Gross national expenditure (constant 2015 US$)","NE.DAB.TOTL.KD","","","","","","","","","","","","","","","","","","","","","","","","","","","","","","","","","","","","9805968335146.85","9722626211592.81","10079163166425.3","9723575975806.1","9830354925364.16","10241878224004.8","10590439808326.2","11763565158936.2","11774263854041.3","13330064104662.6","14168970902074.4","15591765518911.8","17977425061198.1","19244562748974.7","20047534015210.8","21855372188567","23454707257877.8","24765083426649.8","26004558456258.7","27202276582412.7","28009297033525.2","29262435714603.7","30817751202577.3","32489988391814.2","33626370458617","32995773166672.1","35419311246258.3","36872891198538.2","38769530083998.6","40329530851724.6","",
"IDA total","IDA","Gross national expenditure (constant 2015 US$)","NE.DAB.TOTL.KD","","","","","","","","","","","","","","","","","","","","","","","","","","","","","","","","","","","","","","","","","","1228299928557.49","1260254158822.84","1326876766638.91","1405736749815.54","1508593071691.92","1612664631857.02","1719174899783.01","1798052585065.54","1841109317169.97","1930449676438.66","1987998349603.5","2122378483889.32","2223371410788.87","2331468943475.11","2420484171315.4","2536650441328.19","2668112594485.41","2827238332575.98","2941059049465.29","2931110389843.15","3126583917777.68","3295149826418.85","3357519252263.59","3515029384268.46","",
"IDA blend","IDB","Gross national expenditure (constant 2015 US$)","NE.DAB.TOTL.KD","","","","","","","","","","","","","","","","","","","","","","","","","","","","","","","","","","","","","","","","","","","","","","","","","","","","","","","","","","","","","","","","","","",
"Indonesia","IDN","Gross national expenditure (constant 2015 US$)","NE.DAB.TOTL.KD","38496274561.1809","42559788007.4966","43206589009.6254","40390379259.4282","41961586180.2241","41779609588.187","43236492913.5626","44409896661.5151","49316473072.6781","53496418718.2991","58111112965.6221","62782925373.4959","68173744666.3375","74217733305.4256","83637958428.7538","91201873032.1686","96911328531.1947","106807796269.556","117927153754.154","137977371222.612","160494219572.626","183867102041.843","192334359866.283","616551577768.48","875540875307.572","1220612393997.98","1180733019965","989067959670.024","394023133521.015","456652231881.413","773785511037.924","588906243568.778","649887851206.107","833728291762.558","1076413585838.75","1167566424566.06","709400202519.573","614083471551.278","54288515466.957","-115719835945.518","-303748721886.198","-463391360299.916","151526166857.916","-515286300534.376","-49921932016.2319","-195261566090.29","-84723181310.7665","553313010911.574","545832229868.409","665169742569.143","668796108309.213","709072369476.512","760437842086.75","796069511696.997","836126356939.131","871720140104.855","911480986019.788","956845563013.407","1016766785614.24","1057772322810.83","1018399330638.62","1047761275108.26","1087837540713.14","1140833142637.34","1209549596309.83","",
"IDA only","IDX","Gross national expenditure (constant 2015 US$)","NE.DAB.TOTL.KD","","","","","","","","","","","","","","","","","","","","","","","","","","","","","","","","","","","","","","","","","","","","","","","742297494516.702","799784745869.336","847148271870.734","871079801730.224","922449619314.19","965585709359.786","1029960315598.54","1085207259647.39","1131829242697.63","1164077907969.06","1212577974187.48","1275753797023.64","1354923805485.34","1417611913568.28","1422536829507","1510911749200.42","1590939364895.14","1624352448562.03","1708113408882.68","",
"Isle of Man","IMN","Gross national expenditure (constant 2015 US$)","NE.DAB.TOTL.KD","","","","","","","","","","","","","","","","","","","","","","","","","","","","","","","","","","","","","","","","","","","","","","","","","","","","","","","","","","","","","","","","","","",
"India","IND","Gross national expenditure (constant 2015 US$)","NE.DAB.TOTL.KD","144207936713.756","146585086302.061","152571804698.014","160965328882.113","171443406390.07","175504874413.509","178835091955.069","185573677013.809","189476966594.423","199469910363.723","206151993901.671","213624778044.397","213329683887.342","223542877258.728","220662269212.002","228190466462.164","239305777392.108","261034673784.012","283170772560.76","273914217193.906","297167186715.736","304935000093.012","311545227657.889","334151344870.456","346502884151.701","365456974746.446","379787945019.356","401112856784.134","430143552020.982","454240071179.132","486379512072.442","476233042421.022","497947788400.486","518501159627.352","556216020666.286","593149663460.767","628354833772.686","668290664877.582","712045454143.317","778138642197.933","786581771209.15","827505672046.168","856647138274.352","923197225699.036","1014397615582.13","1116758071034.77","1205505561684.59","1334120158106.88","1371443000818.61","1490556490921.74","1630752910647.5","1739198670933.96","1818175148011.86","1869721648124.85","1999324505973.4","2136242402606.15","2275290011817.08","2462715422715.98","2666298681808.65","2733883549097.26","2584735593577.05","2926375399669.55","3137024078612.05","3369455550294.12","3590091033847.46","",
"Not classified","INX","Gross national expenditure (constant 2015 US$)","NE.DAB.TOTL.KD","","","","","","","","","","","","","","","","","","","","","","","","","","","","","","","","","","","","","","","","","","","","","","","","","","","","","","","","","","","","","","","","","","",
"Ireland","IRL","Gross national expenditure (constant 2015 US$)","NE.DAB.TOTL.KD","","","","","","","","","","","39927979818.4877","41546694578.2669","44760878553.2654","48819258241.7899","49890297707.4015","48365408184.762","51043130333.19","55087182225.0054","60122397446.8394","64475114697.1539","63029869293.3724","64954043714.4171","63573684626.1193","62114933812.0541","62753907458.7921","63406980392.1092","64138118073.5741","63799004249.6992","64984232515.0762","69612170287.3144","74243009517.2676","74230386396.2713","73867304632.9293","74614067930.94","78877455789.4322","84798823960.8113","91812445556.1752","100638548207.142","110534520863.371","120196298230.091","131069144179.641","138149832837.962","144853907926.446","151524995028.629","158177895135.127","173318080631.358","185120373243.12","192953442090.516","185677005721.737","169754552186.795","163029772547.998","164104719133.494","167762335219.297","164583747066.993","179377288140.393","211196202564.393","245441950518.325","255063867520.949","249150725151.21","352357459332.903","317019415054.618","264334539236.488","284855194486.703","307462735173.751","277850309861.3","",
"Iran, Islamic Rep.","IRN","Gross national expenditure (constant 2015 US$)","NE.DAB.TOTL.KD","43840333053.7159","45133622209.9455","45580198115.4623","47569384129.1372","51967110687.0559","60873373383.5013","67416325063.3757","76006338185.7089","87178168744.1503","95387325426.4142","105361101955.661","114470162129.601","142242319333.933","152036968947.368","220224830213.309","290714882058.927","348947703634.008","356528885231.449","314094955782.101","248429929566.947","260018067902.802","241856302348.982","237515248780.333","285146371602.175","251084361417.718","242994460862.886","220842874804.328","212438274483.412","177080404145.229","189840521412.496","227767770767.301","269131975896.877","264321546352.978","240270907869.592","208743807965.803","217997150494.507","243969944271.408","249153627234.185","255350727576.232","256921372634.337","278067476330.656","302888327752.783","341988419018.082","371879294704.008","398825612286.54","406513635645.431","431440335686.574","475446811474.779","487755626114.543","498562361059.895","528604493201.555","525345414284.703","504534243043.437","483206551974.423","492096986122.01","413172396204.375","469664393647.258","490618562820.317","454614775759.869","420788952282.284","435303725504.376","460900305216.4","485416196122.678","495777773072.599","511540441381.386","",
"Iraq","IRQ","Gross national expenditure (constant 2015 US$)","NE.DAB.TOTL.KD","","","","","","","","","","","","","","","","","","","","","","","","","","","","","","","","","","","","","","","","","","","","","","","","87930993627.6653","98118775421.8528","108883917430.492","119469384703.62","131720643134.479","145397801815.597","162813990475.554","163714084437.26","157943090964.575","154337043672.797","155764873493.498","164144347676.816","185886320401.837","162156652026.006","171391512751.793","184818530542.805","174872357258.841","179749653638.149","",
"Iceland","ISL","Gross national expenditure (constant 2015 US$)","NE.DAB.TOTL.KD","","","","","","","","","","","3877171757.30686","4953233341.98024","4901999485.71158","5500523566.10303","6248161703.74323","5893150990.62819","5727559243.57675","6573998120.15212","6748217887.88999","6978425381.08969","7373739856.26764","7854772641.57228","8371205665.65415","7328917151.69223","8011823750.7181","8097162180.96408","8396526064.29107","9794977212.53491","9886421200.07853","9367409744.52309","9686470388.9763","10125562814.2383","9624517584.93298","9330673633.16049","9424416627.20321","9673893571.94558","10284334390.4729","10776346143.0161","12273273005.9375","12765799074.9555","13552017639.6876","13279443211.5835","13049697896.7387","13769124851.0942","15123724063.4531","17306274342.6533","19060544579.7166","19151273237.5598","17774750547.4674","14347508556.8931","14097334223.7182","14503585236.0134","14725227720.9975","14763549789.482","15458114593.8263","16323257001.2558","17455041503.4475","18624174596.458","19388611059.1809","19237644163.3819","19033395501.61","20541472634.4835","22133032205.4597","22588589391.3214","22989882048.0582","",
"Israel","ISR","Gross national expenditure (constant 2015 US$)","NE.DAB.TOTL.KD","","","","","","","","","","","48789244505.7747","52992896799.2862","56928043933.4062","66256143651.0234","68356648604.6807","71430493612.8667","68809950004.3145","66641969758.7357","71328324350.3595","74435426591.0245","72495223092.7781","77861251271.8375","81247144376.7146","85382409509.8093","82557050717.1864","82046733798.9416","86776444457.6173","96249891550.4079","98278119692.2266","95767123412.4991","105087909517.401","119134794732.524","126116530015.943","134186503386.689","143593494961.509","152282231424.405","161804379852.413","165879000986.39","170968346058.94","177914439788.491","187511326254.645","192386401947.066","192887072343.649","190474296166.846","195791135087.982","203256336287.1","213150645160.679","227307397469.303","231717425561.856","233178906697.102","245393794013.931","260931007184.198","269789748061.87","276012177826.833","287253947065.705","294893911753.356","314208632839.961","326972534590.158","340849871171.752","353677945711.66","343028197793.044","378569162876.389","404549972353.87","404665596519.481","414914195283.89","",
"Italy","ITA","Gross national expenditure (constant 2015 US$)","NE.DAB.TOTL.KD","","","","","","","","","","","910855806657.526","920801124679.776","952039342569.956","1020623196047.2","1070503208533.09","1026524199352.57","1091258166197.76","1099598042861.67","1131524847336.49","1201456321052.92","1273101007291.47","1265902060884.67","1275406469004.83","1275062328262.13","1316418640337.72","1356420151330.2","1398181435215.29","1456202588372.19","1516057248585.93","1565466013414.52","1607499343187.58","1640080473112.55","1653310069082","1569965278158.99","1592831550697.97","1619377205091.26","1631596747346.13","1678886998125.19","1732236784580.83","1783326294758.05","1845398153790.9","1880963533187.12","1902773813419.06","1913207323423.53","1933788636476.86","1949407420818.03","1984361760269.13","2009597106050.35","1984132912405.6","1900504153044.09","1932452717994.64","1923102840138.44","1811613342603.08","1763760150460.78","1767711197706.34","1792786544035.66","1822074175068.55","1851275810856","1870392177905.48","1865196845735.78","1709237863294.88","1868554730069.4","1973085928488.81","1980074833712.61","1991306329703.66","",
"Jamaica","JAM","Gross national expenditure (constant 2015 US$)","NE.DAB.TOTL.KD","","","","","","","","","","","","","","","","","","","","","","","","","","","","","","","","","","","","","","","","","","","","","","","","","","","","","","","","","","","","","","","","","","",
"Jordan","JOR","Gross national expenditure (constant 2015 US$)","NE.DAB.TOTL.KD","","","","","","","","","","","","","","","","","","","","","","","","","","","","","","","","","","","","","","","","","","","","","","","","","","","","","","","","47180281690.1408","","","","","","","","","","",
"Japan","JPN","Gross national expenditure (constant 2015 US$)","NE.DAB.TOTL.KD","","","","","","","","","","","1568099910230.97","1634771399577.27","1777274124183.24","1943839752846.27","1899547676337.63","1943898350326.87","2008445787541.32","2083945032617.13","2207253348082.58","2342813485010.15","2360209693014.61","2422790774731.07","2499583462254.99","2548738987945.08","2642361991416.62","2783606725210.09","2897803701462.58","3042056741503.42","3289087530697.07","3485835665860.23","3682728485368.41","3782378392878.8","3791648890471.32","3791110063048.15","3830095307100.6","3953294001048.1","4096392359208.28","4096416621376.79","4027894192688.04","4018200347335.83","4111473721524.54","4160371253026.63","4129917224294","4163900444944.21","4222355114781.19","4288973873238.33","4311870213455.14","4330946055396.97","4269505423854.47","4083750470438.55","4180748972609.69","4215807076642.79","4307848251587.66","4409463343417.85","4422493952135.91","4469550619642.55","4481116224006.87","4531626471409.23","4560106046802.46","4562191813377.22","4410619323082.61","4484025030486.14","4550241968609.36","4570693224780.46","4574785531248.45","",
"Kazakhstan","KAZ","Gross national expenditure (constant 2015 US$)","NE.DAB.TOTL.KD","","","","","","","","","","","","","","","","","","","","","","","","","","","","","","","137017459915.155","106061799968.759","104623067643.272","74691978912.638","66972569152.5437","50042233500.4599","44263995217.4079","45049623961.5028","43788234490.5807","45036498854.9383","47070706451.7539","54574695669.5806","56343228213.9838","61999778261.8664","70523349092.0453","82382840038.1998","96755982878.4889","111573411423.559","111236570271.143","112404041975.277","120632132145.647","132683988909.268","147723509354.165","159944846252.949","167028295883.132","171957779071.924","174931236542.964","178521317843.288","183450154510.739","199711429716.557","197851242445.937","205025546265.131","212027878872.733","233662795726.208","246906597448.985","",
"Kenya","KEN","Gross national expenditure (constant 2015 US$)","NE.DAB.TOTL.KD","6794645962.01316","6413793156.62727","6751727004.75587","6950632549.95966","7368491563.25177","7796423724.60908","8753521832.00603","9251799713.03346","9591595701.98951","10013226654.1076","10234143065.6194","13112784893.528","14137163680.6372","14140344773.5652","15471979746.5804","14600815186.9957","14524076875.9843","16492337870.3766","19177181352.706","18901290177.7151","19690764388.631","18857888817.3224","18461946775.2992","18121680440.4164","19090255690.8029","18869363677.6531","20924741778.5772","22825326556.4074","24282504296.8966","25644744039.7155","25577266650.6631","26049340580.9269","25820512975.7938","26283241757.6824","28563654121.8022","32089990100.7574","33157268662.524","34341266570.8806","36443252747.1437","37025776259.3803","37241159849.6887","39065577075.9909","38377849978.5995","39754672604.6991","40832408680.2008","43345298032.1452","48069527626.9417","50986102348.3416","52050038145.6566","55287754319.8489","59055225305.9188","61631588547.3822","65927969750.3054","69402662558.9307","74072320937.5535","77375694644.5265","79626635386.2904","84712123822.2139","87759149802.3537","92254224725.83","91799357761.1613","98633946309.8657","100646360367.75","104969486119.489","111430710597.593","",
"Kyrgyz Republic","KGZ","Gross national expenditure (constant 2015 US$)","NE.DAB.TOTL.KD","","","","","","","","","","","","","","","","","","","","","","","","","","","","","","","","","","","","","","","","","","","","","","","","","","","6924567346.81478","7462042172.09059","8623209496.1747","9157614781.24133","9650855044.85115","9548018504.142","9714731947.38185","10277092829.3766","11038544713.7575","11342693050.8345","9963959508.05567","11632726032.2575","14627471336.0028","17159794894.1027","18080632956.2246","",
"Cambodia","KHM","Gross national expenditure (constant 2015 US$)","NE.DAB.TOTL.KD","","","","","","","","","","","","","","","","","","","","","","","","","","","","","","","","","","4853578214.82122","5183025604.33061","5691084129.203","6219329716.86109","6230731160.98162","6486751747.52043","7301344315.6727","7780801331.85178","8114709136.36743","8879001939.32854","9711933409.32238","10320812214.1513","11776806768.1278","12974211054.0097","14329817836.5484","16232634558.5137","16757333715.3339","17687965012.1306","19607704045.1717","21344894826.1001","23288298140.4016","24821238750.3457","26489934150.6238","28318214064.8585","30346744191.0653","33086499961.8887","35444298821.8597","34973915738.2466","35232988184.2879","36954542954.0865","38074686139.0406","38836187593.0599","",
"Kiribati","KIR","Gross national expenditure (constant 2015 US$)","NE.DAB.TOTL.KD","","","","","","","","","","","","","","","","","","","","","","","","","","","","","","","","","","","","","","","","","","","","","","","240476325.963783","243701246.134079","235205392.265581","234976556.696492","227115914.267604","246890759.452963","269650749.061347","289340404.431897","309181476.290859","351022731.405608","370016923.026332","378231940.88754","370547983.248598","385460305.03713","363957282.661314","425473844.430647","489997070.790049","518461519.16169","","",
"St. Kitts and Nevis","KNA","Gross national expenditure (constant 2015 US$)","NE.DAB.TOTL.KD","","","","","","","","","","","","","","","","","","","","","","","","","","","","","","","","","","","","","","","","","","","","","","","","","","","","","","","","","","","","","","","","","","",
"Korea, Rep.","KOR","Gross national expenditure (constant 2015 US$)","NE.DAB.TOTL.KD","37747810769.4682","39087990123.1673","42283658117.7731","45419560145.2927","48123481119.4482","51410351812.53","57032931395.6366","62733396962.2373","71299178647.6016","80602075110.9965","87885557863.2471","97062122272.3081","100304982143.74","111611868236.717","123948719114.116","130043467789.137","142767369563.253","157554045854.522","178271988007.395","197055274094.606","191784761212.175","201617376410.562","216838326687.886","238668097403.555","257831921639.376","275777695378.199","304497193269.666","335282153744.956","375858624422.242","423420430957.315","473234641224.243","529072754609.037","556011031447.067","591090441873.184","652586987024.587","715754841107.185","779512919512.037","798911370637.261","679192352969.435","782070434917.486","858620101027.498","896719003533.458","972629558374.585","993406359942.932","1014603322759.34","1058456356902.69","1112933097367","1171807784435.76","1188726511533.84","1168466564563.86","1267933399460.25","1305643176612.08","1316098887196.34","1344748154136.02","1383502379616.87","1438423275955.44","1500006410594.93","1580522869569.3","1618588466943.24","1647065023588.68","1625894399046.7","1694306026325.58","1742477474281.46","1767030799650.63","1770791440527.63","",
"Kuwait","KWT","Gross national expenditure (constant 2015 US$)","NE.DAB.TOTL.KD","","","","","","","","","","","","","","","","","","","","","","","","","","","","","","","","","","","","","","","","","","","","","","","","","","","80905624474.2485","83109418830.7326","90611871759.4414","95802558383.6569","99421350480.5522","104466784664.885","108550541418.564","111216253673.229","116544768114.737","117280975965.965","99388565165.0056","106164945990.408","115983080264.101","117932287925.735","","",
"Latin America & Caribbean (excluding high income)","LAC","Gross national expenditure (constant 2015 US$)","NE.DAB.TOTL.KD","","","","","","","","","","","1094979828980.99","1179102911305.73","1267015375328.4","1390913931359.31","1515952962966.81","1569045833526.53","1643505590981.43","1698760348779.47","1764816770761.19","1901589134125.8","2058159228581.75","2060773918074.15","1995134529024.45","1883157534930.18","1940321374160.03","2004123583452.03","2102733011380.1","2146092989970.29","2136308875445.26","2170409222993.03","2178960934687.56","2271328010730.74","2350216088224.31","2436718004252.03","2615055489785.88","2608330952188.17","2705332593279.6","2875459223920.18","2950458096712.68","2930897462375.28","3048743539497.64","3039368258651.68","3014300039298.26","3069436405980.72","3221495846763.03","3339910231280.73","3554285570430.8","3782914447165.22","3991413884545.7","3867587230773.86","4197998468628.2","4442395135690.2","4536486427154.47","4685824660640.36","4735438320908.06","4709840515579.24","4653833013620.25","4759709385030.41","4830326400189.57","4831304911848.82","4466554811117.14","4853123989441.38","5106159890404.34","5215734936409.96","5356026841321.22","",
"Lao PDR","LAO","Gross national expenditure (constant 2015 US$)","NE.DAB.TOTL.KD","","","","","","","","","","","","","","","","","","","","","","","","","","","","","","","","","","","","","","","","","4179229275.07895","4879486864.45559","5247715248.32183","5782444841.82364","6552758197.00084","7117513170.84801","7838358665.33601","8635572898.72686","9615983099.77826","10467818774.8406","11189671912.744","12014169923.7845","14261886440.6187","15287009782.7853","16069928444.4385","17007757584.1312","17784033860.3759","","","","","","","","","",
"Lebanon","LBN","Gross national expenditure (constant 2015 US$)","NE.DAB.TOTL.KD","","","","","","","","","","","","","","","","","","","","","","","","","","","","","","","10600594206.1984","14670917587.4413","22126712410.6008","25845966628.2128","28139259943.3101","29616715503.1141","31378868802.4322","30335570676.5717","31039655205.9078","30126117658.2462","30200483412.6096","31750378049.0269","32573847569.945","33669959369.5085","35580939089.3176","34939447433.9921","35304704053.5079","38889620470.2593","43372033508.0539","49626380923.2477","52979378995.8958","52188033929.2502","55908533239.49","59352198310.7085","61506619123.4742","62691130386.0697","65347457231.8615","65959439714.7698","65994551089.3814","60004354692.0505","44234273122.2351","40817065265.7688","39342671541.2735","39129804555.2507","","",
"Liberia","LBR","Gross national expenditure (constant 2015 US$)","NE.DAB.TOTL.KD","","","","","","","","","","","","","","","","","","","","","","","","","","","","","","","","","","","","","","","","","","","","","","","","","","","","","","","","","","","","","","","","","","",
"Libya","LBY","Gross national expenditure (constant 2015 US$)","NE.DAB.TOTL.KD","","","","","","","","","","","","","","","","","","","","","","","","","","","","","","","","","","","","","","","","","","","","","","","","","","","58334233747.026","43672116285.2882","60607419204.2686","65337222076.053","63240051196.0398","54782835340.0279","47889244923.5541","44427294162.0306","43053231160.4246","40280174674.0589","45720852899.1194","44642872606.5833","44102470212.6883","45045243709.4414","45818177805.5504","",
"St. Lucia","LCA","Gross national expenditure (constant 2015 US$)","NE.DAB.TOTL.KD","","","","","","","","","","","","","","","","","","","","","","","","","","","","","","","","","","","","","","","","","","","","","","","","","","","","","","","","","","","","","","","","","","",
"Latin America & Caribbean","LCN","Gross national expenditure (constant 2015 US$)","NE.DAB.TOTL.KD","","","","","","","","","","","1245896044948.16","1334920555445.71","1430481162036.33","1557781018864.08","1676603782418.12","1736226249787.82","1841455213460.03","1894209221257.34","1970188266668.36","2110533066367.64","2273638722626.33","2279976219918.02","2202280365155.46","2067614908683.69","2135078279940.76","2203144433895.34","2311557022141.46","2371193646196.27","2373146420429.11","2401252092978.8","2412736536104.42","2520523104701.39","2624486768251.88","2720777527010.94","2906165990445.95","2912862111300.25","3027553729734.79","3227109050838.16","3319052949477.28","3299256566190.08","3428181639288.67","3426540959356.25","3394184063199.55","3454414060921.88","3641539109931.83","3796331475250.39","4050200079824.69","4321015068517.03","4560319270513.26","4403721062005.7","4772962903984.89","5059304313322.49","5199115199732.88","5360046952253.99","5402048651462.53","5366915387146.69","5288492886846.79","5395544644025.42","5473745401659.78","5472094670564.45","5031044588085.18","5519570268745.81","5802679510345.64","5914725857840.79","6065599217782.83","",
"Least developed countries: UN classification","LDC","Gross national expenditure (constant 2015 US$)","NE.DAB.TOTL.KD","","","","","","","","","","","","","","","","","","","","","","","","","","","","","","","","","","","","","","","","","","493061957391.797","512970389758.922","545862533863.498","572118047201.744","608965729644.337","652175566083.63","700830844227.255","746822707830.733","781146797556.308","823521534854.805","864315169902.252","919662258757.898","976896130813.585","1021388525882.81","1034957922486.7","1067712034182.8","1123649519018.16","1196749011459.86","1247180082699.6","1263599723539.01","1342120000742.98","1438219705168.61","1482300932080.19","1554008225349.51","",
"Low income","LIC","Gross national expenditure (constant 2015 US$)","NE.DAB.TOTL.KD","","","","","","","","","","","","","","","","","","","","","","","","","","","","","","","","","","165806908381.065","153079497886.269","165879159375.793","179035254020.605","183355776248.049","202206281063.366","198108263621.755","196332412806.25","207664704314.879","219253180786.442","235505434126.216","242712684530.093","253533990633.141","270495876896.098","292115060362.837","308942920767.305","325678910462.684","346490041508.013","345432623358.996","368092747092.441","384960060392.339","395582386468.515","380631024423.136","386813334206.532","395939697479.342","422546569710.758","439934686022.861","435313051202.314","457362647683.72","489136359571.842","493974625040.967","511637564307.763","",
"Liechtenstein","LIE","Gross national expenditure (constant 2015 US$)","NE.DAB.TOTL.KD","","","","","","","","","","","","","","","","","","","","","","","","","","","","","","","","","","","","","","","","","","","","","","","","","","","","","","","","","","","","","","","","","","",
"Sri Lanka","LKA","Gross national expenditure (constant 2015 US$)","NE.DAB.TOTL.KD","","","","","","","","","","","","","","","","","","","","","","","","","","","","","","","","","","","","","","","","","","","","","","","","","","","","","","","","91158263524.1028","96240506655.2885","102311783965.871","104339558476.036","102831248170.132","99142340852.1862","102438313912.844","89462921093.8424","86634939327.6377","92810926446.4737","",
"Lower middle income","LMC","Gross national expenditure (constant 2015 US$)","NE.DAB.TOTL.KD","464580289415.576","481603624947.88","498583007374.558","526981153677.474","563374725962.251","581578400537.071","599868021033.937","618658152554.119","636178960790.175","665012299578.424","693065374301.442","718475947841.39","724650148313.836","746092404997.706","760167742041.34","792050625061.396","844095813037.916","896973533553.173","952098997027.918","943169009769.335","1006374442915.53","1035161180243.35","1062747592148.73","1113212165412.62","1141322033309.89","1178184697989.5","1225134175416.42","1281623095117.38","1355467474696.98","1412790299003.55","1493184484403.7","1497189543240.67","1568554091004.13","1626604130031.57","1707743593755.96","1802480638636.15","1906498741308.79","2003761163099.22","2094532843700.62","2216181927382.61","2272890048111.12","2380740442058.29","2457619524605.15","2605159084870.41","2803620675582.89","3026387188504.79","3238380707085.4","3527713233807.57","3695670743963.34","3895900337118","4184163932851.57","4406064383479.14","4646438214734.97","4828029356761.93","5108831079828.09","5404275677588.44","5729999399960.37","6119988710268.4","6534878374537.07","6722341645738.04","6457733580453.82","7075129517664.17","7517024261398.7","7965643284145.61","8417405178469.94","",
"Low & middle income","LMY","Gross national expenditure (constant 2015 US$)","NE.DAB.TOTL.KD","","","","","","","","","","","","","","","","","","","","","","","","","","","","","","","","","","","","8564205789384.27","8474340373444.91","8792567181472.05","8499318261166.01","8619807020001.59","8902558169180.02","9171227682198.34","10313334935471.7","10239480487150.2","11652376696203","12353482906608.1","13582875501002","15714475989433","16790647221965.1","17885237133551.2","19556205151726.4","20978550604529.5","22167045713378.4","23394820375898.4","24585931987761.9","25505497113177.7","26785670140511.8","28240398903166.5","29832931333483.7","30895052159501","30387265605565","32633576973405.7","33949302113677.5","35719481658213.7","37139796958940.7","",
"Lesotho","LSO","Gross national expenditure (constant 2015 US$)","NE.DAB.TOTL.KD","4200026.43757655","4547448.31101612","5349336.48083863","6125334.41357474","6673458.73579603","7234367.73485593","7906835.08028415","8203621.71255778","8411418.42090214","8710447.32355502","8991279.43852538","10414194.734041","12756924.9570957","17291501.6689505","22443008.7481958","28071912.3913993","37901466.7925065","45122892.8960183","53750192.0641368","65827954.3465847","84907684.3902356","100660588.851729","109848406.46425","123587602.22803","143764804.854517","168717909.713735","192665935.499558","220537841.383662","286977564.15155","344180426.136136","384083642.929941","507406970.915462","585674161.420441","636213273.542522","704714749.997282","824279870.179317","929842026.427301","1035741800.56952","1282965065.49068","1418131982.75404","1428116555.23955","1473766831.28005","1684744558.32896","1785098345.35063","1848439356.79572","1960304483.62851","2123823814.84104","2536896847.69775","2703672547.53772","2785990466.29505","2943314889.34827","2989040149.54307","3281676401.71448","3222754144.25004","3315778234.60314","3396513383.44882","3403663840.15568","3314799249.34012","3259788098.66111","3356424479.46631","3301923471.50558","3281040824.56691","3355978150.54432","3495429103.29922","","",
"Late-demographic dividend","LTE","Gross national expenditure (constant 2015 US$)","NE.DAB.TOTL.KD","","","","","","","","","","","","","","","","","","","","","","","","","","","","","","","","","","","","4927456124517.33","5213411431226","5463937569140.27","5562575739250.2","5755463766592.33","6225184185199.18","6629278194580.49","7028473940225.12","7529566872596.74","8234214226392.58","8897003148651.75","9801744723721.84","11004599398944","11945771436936.8","12487028542702.1","13686095783429.2","14825568722075.4","15710323886634.4","16634565721327.2","17523140307145.4","18106342896553.6","18993344707896.2","20052204412880.4","21235607769852.1","22294782901581","22166533765747.9","23600614551198.4","24477682967510.9","25830954970040.6","26772155821877.3","",
"Lithuania","LTU","Gross national expenditure (constant 2015 US$)","NE.DAB.TOTL.KD","","","","","","","","","","","","","","","","","","","","","","","","","","","","","","","","","","","","17822499509.0739","19006751740.3765","20867995057.594","22428894720.1544","22317272064.2151","22735951033.0975","23925254249.2583","25615893560.1128","28322753290.7568","31632586366.7384","34337367563.899","37242887501.2682","42448437246.3068","43793293668.4029","33773705696.0385","34169649477.9977","36332186287.0858","36506717521.2893","37562248680.6535","38990907893.6711","41950886544.9031","42825650909.1572","44113617390.7657","46007389102.536","46764869752.6105","45203846570.795","48527423262.7649","49658673202.5289","49031188949.1097","50522583064.4352","",
"Luxembourg","LUX","Gross national expenditure (constant 2015 US$)","NE.DAB.TOTL.KD","","","","","","","","","","","9394997765.04092","9966634381.87069","10387717166.5984","10987636742.0999","11005291510.2541","11157866365.3386","11465824759.4193","11267379332.3386","12064023023.2028","12066140319.0618","12736193526.5053","12898011411.6338","13032019808.5372","12992936001.2664","13301430912.7038","13411546092.4829","14560337951.0793","15728569600.3443","16939360256.2348","17986201990.7605","18825651156.9026","20406322931.0145","19581630946.6152","20464099315.2571","20966476136.9739","21125289463.0766","21551314048.7958","22836661802.5637","24104270534.0345","26170923943.6576","27290143479.5739","28066471739.1029","28660541893.7613","29734506352.039","30532756110.013","31051563881.8401","31518022126.6336","32851636138.7373","34402121071.5851","32753507356.0808","35251877478.5934","36665079124.1859","37375748486.2874","37975987078.3659","39665622635.318","40524938358.8461","40987976587.853","42804616637.4315","43033638639.6724","45023136828.642","43799450735.4615","48177589045.9648","48305714957.2603","48781406147.4065","50021417280.8845","",
"Latvia","LVA","Gross national expenditure (constant 2015 US$)","NE.DAB.TOTL.KD","","","","","","","","","","","","","","","","","","","","","","","","","","","","","","","","","","","","12279550667.6549","12969051145.1647","13689749716.0897","15134235161.208","15491605156.3092","15767553345.591","17240818512.1976","18345497910.8031","20404077704.3307","22937006104.0673","25237453470.3087","30161546459.2007","33998902664.2127","30905852246.5014","23434502170.9794","22441366523.5965","24510050262.7036","25667078123.0014","26032356302.0706","26025413411.8352","26657772489.8105","27392112339.8976","28703936596.1256","30361626598.242","31106197041.2766","29794387795.9339","33150508176.3558","33405314264.719","33532283414.6451","33036797218.7939","",
"Macao SAR, China","MAC","Gross national expenditure (constant 2015 US$)","NE.DAB.TOTL.KD","","","","","","","","","","","","","","","","","","","","","","","3658442456.93523","4074073748.64663","4160279726.71526","4455849481.52096","4964347099.45266","5409133019.91265","6089053034.954","6340743481.18918","6795307020.40727","7813791375.76665","9063010187.14212","9582428279.76849","10022866876.8653","9868925600.57846","9471366228.26074","9523643024.58897","9119136112.35382","9527856309.03823","8536968087.15111","8564366167.95356","9156420814.41517","10323890233.5374","11946817346.9821","14744340005.5006","17864245260.6792","20903761623.9673","19918096769.6784","17363350943.7272","17250098359.2633","19668526975.4954","21706775917.6831","23149455326.1697","26971639036.1422","27791372780.828","26284387993.3415","26188992937.0333","26305540879.9151","25420752632.6568","22942089039.5413","23871663705.329","22354269824.1464","24732873436.2712","25251797259.9438","",
"St. Martin (French part)","MAF","Gross national expenditure (constant 2015 US$)","NE.DAB.TOTL.KD","","","","","","","","","","","","","","","","","","","","","","","","","","","","","","","","","","","","","","","","","","","","","","","","","","","","","","","","","","","","","","","","","","",
"Morocco","MAR","Gross national expenditure (constant 2015 US$)","NE.DAB.TOTL.KD","","","","","","","11503871409.6499","12840515685.5639","14058012104.7892","15145856182.3298","16429543060.4122","17057051181.3854","16877916027.1273","17459207673.3418","19518147587.8041","23146278570.564","26607916133.1247","29583151629.291","27964663360.4935","29311324071.1307","29188793287.1524","29058758691.365","31009642065.9379","30884388425.2095","32710620098.2039","34645505831.7097","37689467869.2708","37923649629.157","40978190986.4308","43157079671.8785","44296199829.521","47813848571.0807","47389835384.0216","46835693593.8406","50598653404.8544","50224582782.4765","54016190824.5843","53428001991.907","57045597787.271","58043620578.0889","59154933483.1953","61351893847.5294","63451214336.6584","68645703555.4827","72622460143.4836","74284896779.0401","79057170540.0087","84577840498.9997","94159043354.364","97162123524.7603","98939232567.7798","105373020932.179","108937671125.874","113159409607.561","114775361684.345","118470685395.482","122901449617.866","126939875690.068","131391535046.493","133871485254.839","125044149876.901","136381005411.729","134665207413.06","141247069905.263","149483530969.367","",
"Monaco","MCO","Gross national expenditure (constant 2015 US$)","NE.DAB.TOTL.KD","","","","","","","","","","","","","","","","","","","","","","","","","","","","","","","","","","","","","","","","","","","","","","","","","","","","","","","","","","","","","","","","","","",
"Moldova","MDA","Gross national expenditure (constant 2015 US$)","NE.DAB.TOTL.KD","","","","","","","","","","","","","","","","","","","","","","","","","","","","","","","","","","","","4139323472.12852","4469823966.83663","4821139835.04903","4814632082.21726","4014237733.78256","4659279955.01632","4869954550.50186","5256425451.96632","6045462120.46887","6261126945.79838","7177316639.13012","7814554291.61715","8416888554.84634","8918855840.96311","7616043234.11629","8315920612.32332","9006502698.77092","9096578956.5221","9676509845.47505","10170683960.4611","9774576383.0491","10022127633.9718","10553781188.3784","11238671642.6952","11642832612.858","10779680297.5206","12537853645.394","12219036439.6374","11785521164.6973","11852701453.2211","",
"Madagascar","MDG","Gross national expenditure (constant 2015 US$)","NE.DAB.TOTL.KD","4872764569.13789","4849099779.13392","4979816219.13803","5154914865.22724","5299661542.7741","5231126360.36257","5332573168.83262","5414772682.98006","5902291499.91973","6138955449.02452","6450384357.04334","6901191656.08275","6627146538.25295","6450681862.95911","6287630947.81719","6292040564.125","5960955053.03806","6176724301.18304","6089110935.86304","7031254868.61761","7277642124.64662","6317750643.46671","6143328027.78025","6029514477.31788","6050664093.56868","6271146365.71647","6203449372.0442","6103324865.69777","6231060153.4843","5958315656.0399","6726609309.99671","6108302615.70978","6157603027.20809","6375764327.70589","6272342074.66487","6365953719.94044","6469383364.80929","6881065846.26275","7253654468.45041","7460521199.19616","7812206195.53675","8244610058.46494","7800435608.88517","8947235227.05862","9317932417.76767","9478831637.65763","9606508820.92478","10103478325.7308","11137441683.0408","10776585992.2733","10708706598.1083","10861059130.5389","11135059557.6345","11632329789.7696","11318146764.6036","11825662351.0331","12393506434.7614","12543102603.4721","13098652422.1188","13537156791.0666","13672674148.606","13753491289.4457","14202516636.1592","14413865237.4327","14891496703.6599","",
"Maldives","MDV","Gross national expenditure (constant 2015 US$)","NE.DAB.TOTL.KD","","","","","","","","","","","","","","","","","","","","","","","","","","","","","","","","","","","","","","","","","","","","","","","","","","","","","","","3643161326.43435","3752272081.08429","4100165133.07072","4387220328.86086","4885858168.48571","5112750567.83622","3733517952.67388","3633158429.23682","4441789045.41658","4594299721.15948","4975707095.82745","",
"Middle East, North Africa, Afghanistan & Pakistan","MEA","Gross national expenditure (constant 2015 US$)","NE.DAB.TOTL.KD","","","","","","","","","","","","","","","","","","","","","","","","","","","","","","","","","","","","","","","","","1761964166352.39","1846200741763.69","1940565998298.9","2026711610212.33","2165984153158.28","2282053451995.66","2477351506095.43","2725137285122.97","2924774294323.99","2955418067008.92","3039938378753.47","3155412650054.36","3285501079931.93","3394721322584.56","3551854622559.13","3532757607798.51","3620478915919.98","3746530735961.09","3808818584320.65","3891986412305.81","3731986482122.29","3968005445628.43","4271963084322.55","4466450746209.23","4618208488002.01","",
"Mexico","MEX","Gross national expenditure (constant 2015 US$)","NE.DAB.TOTL.KD","127757881910.639","132827132685.568","138068545432.394","151170354846.718","170993352445.018","238801064170.442","253210820213.353","268315131040.164","293791124184.676","300552796757.471","320788507713.686","330060136374.079","358137657598.469","390208502832.672","420004239608.614","439943624804.239","453334805485.517","454342283453.434","495111607833.318","548228214474.47","608061172134.838","667990007257.8","611013792489.783","550822289624.655","573370863714.482","599406244010.251","566210906855.974","570498583807.954","590207804900.281","622394471558.209","663897659376.633","699379435261.259","740965423412.98","739018066933.65","797263739551.854","707573550841.402","742406489617.69","804933499685.396","855425515308.232","894900953969.834","955214008912.165","951324593765.055","964368681444.456","982462885390.154","1014178951745.27","1034636909568.85","1089640236692.42","1116638762251.82","1141397894707.16","1060672357571.48","1112174414803.7","1173415416496.6","1200849620063.03","1211470377996","1235624901982.2","1271370384850.28","1293262978850.99","1307937854376.58","1323634374933.33","1316765600485.52","1176982465309.71","1269878043626.97","1333479423978.02","1418264778531.96","1457709139055.87","",
"Marshall Islands","MHL","Gross national expenditure (constant 2015 US$)","NE.DAB.TOTL.KD","","","","","","","","","","","","","","","","","","","","","","","","","","","","","","","","","","","","","","","","","","","","","268714100","278027700","292981700","299751600","262169900","291488900","302506500","276914900","269319000","301801000","281590600","277340000","302517600","328400200","338242700","439948500","349806700","352975874.483585","370373227.119446","327633457.183838","326934412.002563","",
"Middle income","MIC","Gross national expenditure (constant 2015 US$)","NE.DAB.TOTL.KD","","","","","","","","","","","","","","","","","","","","","","","","","","","","","","","","","","","","8410018293861.77","8312292388955.08","8625962702317.88","8322241531860.74","8444691466560.67","8727010753204.04","8986919896355.43","10115423570541.1","10031376197878.5","11432031366819.1","12122364220461.5","13334514130027.6","15441587593967.4","16501260206220.3","17579477174209.7","19229007464337.7","20646924588027.5","21814352529130.6","23025189233758.9","24204291577967.5","25132144011799.4","26403339760661.3","27846286529011.3","29413359229021.2","30458769896707.9","29956181564839","32178284225339.3","33465858896770.2","35225490905030.4","36627568358015.4","",
"North Macedonia","MKD","Gross national expenditure (constant 2015 US$)","NE.DAB.TOTL.KD","","","","","","","","","","","","","","","","","","","","","","","","","","","","","","","6316748791.56904","5841802316.5185","5149306267.01743","5482595460.17044","5780030334.19788","6083170402.61005","6170659887.8388","6332829936.05962","6551816578.35831","6701896809.03297","7267296776.2204","7087632111.16067","7500359966.32717","7465962944.4246","8071110219.46272","8336174137.82728","8741680812.51127","9441386608.46463","10261465250.5159","10032327420.8193","10139158479.2768","10155695267.9988","10503731383.3428","10642394496.3714","11105102231.0931","11697213077.9304","12265846509.0039","12297270742.8224","12647441441.7297","13297652003.239","12615467492.4529","13371046121.4082","14128321173.6437","13667665734.7491","14181819346.925","",
"Mali","MLI","Gross national expenditure (constant 2015 US$)","NE.DAB.TOTL.KD","","","","","","","","","","","","","","","","","","","","","5495822452.53597","5695009336.93262","5421377730.07158","5393891282.60135","5324856349.29061","5688457801.74478","5536550644.7158","5242799768.4738","5872808122.87993","5735875514.16858","5609819467.04466","6346831325.80364","5942139412.00079","6158753775.08169","6135747132.47485","6316012972.9054","6719356715.46745","6703421711.51818","7386907162.68815","7677512540.96162","7629935892.30926","8399148255.3483","8332723340.23515","9140309415.30148","9387372623.77179","10090262438.9878","10616520391.8085","11512957821.2533","12379917960.7096","13110867063.992","14598104345.6958","15042071545.7945","14614277305.1865","15225042278.7103","16483619475.9194","17628829123.7431","19083110226.2797","19687222304.0918","20288944947.6001","21708082625.959","21833959058.7392","23462607481.0792","24204941856.6301","25038875330.5548","25464779670.7014","",
"Malta","MLT","Gross national expenditure (constant 2015 US$)","NE.DAB.TOTL.KD","","","","","","","","","","","","","","","","","","","","","","","","","","","","","","","","","","","","","","","","","6718353154.71635","6448240122.67274","6254118242.07476","6917798671.56876","7082017390.15616","7498355738.495","7343862424.03835","7683019445.43486","7991464662.82813","7787358962.32809","8112275663.99094","8001437415.81313","8372971805.09451","8488987190.98372","8817705415.07175","10176192058.4012","10393336254.7112","10878099479.5905","11915850415.9096","12830182242.7276","12151293801.701","13798168520.4247","15088686251.6436","15476782647.8933","16395956543.143","",
"Myanmar","MMR","Gross national expenditure (constant 2015 US$)","NE.DAB.TOTL.KD","","","","","","","","","","","","","","","","","","","","","","","","","","","","","","","","","","","","","","","","","","","","","","","","","","","","","","","","","","","","","","","","","","",
"Middle East, North Africa, Afghanistan & Pakistan (excluding high income)","MNA","Gross national expenditure (constant 2015 US$)","NE.DAB.TOTL.KD","","","","","","","","","","","","","","","","","","","","","","","","","","","714883495213.763","695462660950.132","671426399368.532","706991957312.831","761520660379.118","818156117863.703","843158000442.463","826795043124.318","802669950615.685","838498064910.537","901031188767.566","919638354434.722","956487274322.088","970993214759.885","1012473839955.2","1076648057978.65","1143758433482.42","1208540202238.85","1283879809410.97","1342603228759.04","1423862505500.21","1537310901946.39","1617990640861.41","1687225845115.94","1775938522166.25","1788686495072.72","1861242474049.92","1902055600569.4","1955464448996.97","1888715154604.38","1997861195816.79","2068168520309.97","2089363181303.25","2096869222960.48","2044501498022.38","2147940458570.77","2241289939377.99","2328650439373.34","2418930458226.93","",
"Montenegro","MNE","Gross national expenditure (constant 2015 US$)","NE.DAB.TOTL.KD","","","","","","","","","","","","","","","","","","","","","","","","","","","","","","","","","","","","","","","","","","","","","","","4036548964.08509","4850464479.75688","5537096087.98731","4596358759.58052","4550487187.68634","4490514153.31171","4425189345.28715","4497171315.47685","4650003237.64186","4759651435.26655","5304924918.88694","5649599180.49607","6013306037.12692","6192011799.5315","5771433612.87723","5860785873.95127","6545787503.08683","6967122622.17696","7495997394.0798","",
"Mongolia","MNG","Gross national expenditure (constant 2015 US$)","NE.DAB.TOTL.KD","","","","","","","","","","","","","","","","","","","","","","","","","","","","","","","","","","","","","","","","","","","","","","","","","","","8009529154.41042","10614445841.7873","12276470380.5718","13406717420.5899","12328025323.6118","11769273631.157","12075314396.5617","13227738059.4564","16063521257.5754","16808356298.9836","15029393962.9692","17406606063.1903","18966144704.007","19746084330.3755","23021139804.5112","",
"Northern Mariana Islands","MNP","Gross national expenditure (constant 2015 US$)","NE.DAB.TOTL.KD","","","","","","","","","","","","","","","","","","","","","","","","","","","","","","","","","","","","","","","","","","","","","","","","","","","","","","","","","","","","","","","","","","",
"Mozambique","MOZ","Gross national expenditure (constant 2015 US$)","NE.DAB.TOTL.KD","","","","","","","","","","","","","","","","","","","","","","","","","","","","","","","","4232172256.57718","3874119697.06007","4170718734.31936","4589707846.52293","4578542246.64139","4735749226.52077","5138441355.01446","5591930634.98845","6646513183.71068","6461582461.0371","6301536101.76009","8219420679.36199","8544910873.89396","8758532626.10925","9293856623.91491","9804398062.9105","10513844938.0278","11560360451.0227","12305763754.8631","13023287187.4616","14512150074.3166","19034730474.9068","21184367211.1971","22206918718.1278","21657898368.17","23408463662.5046","22403791573.7038","24742168749.2958","24114459388.5097","24264511026.9341","24922822362.6717","27801486067.2013","25769498700.6979","25264881173.9072","",
"Mauritania","MRT","Gross national expenditure (constant 2015 US$)","NE.DAB.TOTL.KD","","","","","1157251429.55282","1286308850.30633","1247348086.3606","1317830140.7328","1436113915.01317","1453010383.73935","1651926172.27959","1688847476.72324","1733774791.55935","1679387990.71389","2253104180.64174","2538791501.33105","3497674709.53484","3213814774.98676","2770268868.89388","2684418667.90176","2671265172.69102","2786254551.21734","3031729094.92944","2808854014.55548","2693309741.83391","2643090332.89582","2909041693.16049","2854298351.8976","2685126218.9171","2806716686.22336","2942045667.06018","2642651003.08897","2399021929.62261","2606829218.75659","2318952663.03728","2906968928.97596","3080766951.77727","3061694518.79658","3213900280.90621","3481632700.95422","3490893038.22811","3689469180.80772","3951391514.3313","4643504332.65783","4516953429.50328","4771521055.31284","5184098712.95969","5611601722.57656","5640764520.675","5591718879.29531","5934126374.73877","6312646703.82082","7181540811.43665","7280380637.7797","7192587427.57241","7212547987.32516","7203267151.0222","7936388084.74218","9353561919.54967","9592442371.52903","9954985882.55061","10296750708.8","11118150513.1183","11471180527.1703","12143098744.8652","",
"Mauritius","MUS","Gross national expenditure (constant 2015 US$)","NE.DAB.TOTL.KD","","","","","","","","","","","","","","","","","2597754807.90224","2752486750.61803","2861599609.52583","2830819678.75905","2629323249.51629","2561945734.0813","2570135730.07548","2627757434.06121","2748222142.0076","2880620564.40184","3110580202.1591","3685173644.15725","4193668157.75242","4347426958.01216","4735662425.60472","4906829597.4086","5138623321.5913","5414341178.83656","5789964363.21986","5783118988.64456","6183139510.83594","6473414628.52703","6714521985.4973","7257346312.80089","7402471146.29725","7657789488.07457","7891394997.60396","8375566607.1686","8885013567.78134","9305892897.40853","10039493295.82","10416030394.1188","10904244882.7257","11325811254.0398","11543505504.2106","11806929333.4582","12044128031.1927","12221798325.5289","12361742716.4334","12517949493.2495","12927987070.0837","13332392485.379","13963000598.6246","14423950235.4132","12229974617.1297","12711725790.4996","13331971249.4589","13807009940.6348","14465002962.5245","",
"Malawi","MWI","Gross national expenditure (constant 2015 US$)","NE.DAB.TOTL.KD","","","","","","","","","","","","","","","","","","","","","","","","","","","","","","","","","","","","","","","","","","","","","","","","","","","","","","","","","","","","","","","","","","",
"Malaysia","MYS","Gross national expenditure (constant 2015 US$)","NE.DAB.TOTL.KD","10553154091.1342","11014805255.1098","12112999556.2661","12622667523.2378","13352791970.2347","14299518333.6602","14914371216.2917","15512368912.3578","15937985341.163","15989806636.4972","18430639309.3934","18154871747.0824","19010177933.9566","22498273516.2312","27621820049.9092","23209673235.7033","25945769246.6049","30664674070.1688","33416380839.6582","35781016167.481","40259262724.2546","44014297778.7189","49529883535.3479","51873835927.5421","55142268732.2013","46788860950.4969","44288641765.6767","45096514152.1149","52738463629.697","58903677925.2509","64716699798.5402","79284540598.4492","77291104966.4908","90789326574.3079","97197723898.6924","116543003829.989","119993069225.046","131918052697.047","98346150807.0426","102955316331.301","123313780305.385","115158151311.972","129894654965.543","131469825993.844","146209768674.59","145198124513.826","157983427448.615","173658675650.251","184054940527.37","171181921083.479","204924279694.195","216991864511.89","239051433570.247","247945418838.18","256624918537.834","278671324037.369","291995640244.23","311170843944.454","325950586788.765","338760345042.138","322412358078.133","334734591321.866","367215629572.085","385627434071.08","404651478148.475","",
"North America","NAC","Gross national expenditure (constant 2015 US$)","NE.DAB.TOTL.KD","","","","","","","","","","","5728012984852.7","5929622923597.79","6245534470442.63","6541547582897.09","6515272583486.28","6526180775119.17","6903539841969.61","7226322858905.79","7568503145492.79","7758970842921.3","7669395477399.23","7851217581846.18","7780695401560.24","8206100582945.86","8813865799354.11","9224493638053.37","9566183707932.22","9876950444982.5","10224470409106.8","10542268722163.7","10693857036267.7","10630030523707.1","10973190695817.1","11313399063025.5","11781688945018.8","12070777425801","12503131701910.8","13085094128771.4","13770868988181.1","14515650990981.5","15208108539937.5","15401346477048.2","15768900515057","16275793273778.2","16963445611546.1","17586425865039.6","18079487212966.9","18371872560366.1","18273067566618.2","17664663528011.9","18224560811571.1","18507101344973.1","18893241732329.3","19248741936974.4","19764142651454.5","20419752242111.1","20789424911615.1","21353076758432.4","22016258413549.7","22568124374676.1","22085030086513.9","23662222272837.8","24376062454695.6","24900546424845.1","25646913757764.4","",
"Namibia","NAM","Gross national expenditure (constant 2015 US$)","NE.DAB.TOTL.KD","","","","","","","","","","","","","","","","","","","","","2960121924.37905","3691043538.98098","3660218706.81605","3440717219.29596","3486727066.67494","3205583222.46817","3366603470.61867","3817125753.32598","3715477067.9775","3802279407.30688","3494651374.50731","3787546999.94586","3901443574.55148","3913578744.31585","4002510580.63904","4179904580.08888","4585956416.65027","4738487985.2537","5050206266.30356","5167375793.71688","5290897208.92914","5903113271.38539","5786723231.84784","6080828257.53753","6282265363.73547","6281252222.29996","7076516061.06456","7687961952.50356","8798373430.30439","9553384969.24249","9326316334.8635","9835178096.69851","11188187975.5975","12051798742.2752","13303457594.4545","14338657122.645","14642874387.0107","13712602686.4086","13259491622.8038","13312320715.3787","12155406661.896","13695189853.4975","14956270435.1203","16680867782.521","17892106295.4925","",
"New Caledonia","NCL","Gross national expenditure (constant 2015 US$)","NE.DAB.TOTL.KD","","","","","","","","","","","","","","","","","","","","","","","","","","","","","","","","","","","","","","","","","","","","","","","","","","","","","","","","10827373168.5279","","","","","","","","","","",
"Niger","NER","Gross national expenditure (constant 2015 US$)","NE.DAB.TOTL.KD","","","","","","","","","","","","","","","","","","","","","","","","","","","","","","","4144313550.01707","4198518489.39565","3986700739.301","4153555115.04104","4392863255.72672","4580875038.26759","4482781999.35076","4593344458.99276","4970962517.89659","4940721478.24788","4889833225.69507","5300272630.76922","5596555939.2568","5700899208.69597","5765566244.76669","6185479190.56906","6472611685.53536","6700566062.04027","7492589551.06128","8025802434.64668","8674364798.34335","8935293875.39284","9399041755.42886","9859548945.35933","10575311576.9709","11251753005.7397","11521891235.9884","12143408947.737","13243175175.9756","14105348674.613","14632911131.0988","14874414887.677","16544112181.9616","16503186395.6792","17819938443.2681","",
"Nigeria","NGA","Gross national expenditure (constant 2015 US$)","NE.DAB.TOTL.KD","","","","","","","","","","","","","","","","","","","","","","","","","","","","","","","","","","","","","","","","","","","","","","","","","","","","","","","","","","","","","","","","","","",
"Nicaragua","NIC","Gross national expenditure (constant 2015 US$)","NE.DAB.TOTL.KD","2912703578.06837","3151385778.72523","3580660153.97539","3883176143.83174","4429204312.16255","4926793373.00469","5178800278.54941","5594749500.17514","5390299959.95815","5648976015.96895","5730918528.85931","5868088671.1629","5489961377.4858","6733495240.62947","7906455052.72415","7092132419.23102","7415591017.60987","9051884902.16061","7154209026.60585","4085366991.20202","6989111412.71136","7256056734.25002","6581527666.82002","7077523156.56631","7271551216.36836","7177504971.92112","7023275242.85544","7048877924.17292","6512283197.32496","5790480638.90318","5569418097.60319","6085861020.8561","6271061711.11642","5897737223.52279","6222668235.50029","6616871665.84716","7107860336.90938","7710714029.94403","8070866771.18851","8995361972.53544","8844738134.69394","8916910500.58371","9010491794.56959","9137766689.52418","9501973705.91511","10010534887.4256","10213216650.5707","10954813743.7202","11555324255.2492","10706891293.9399","11185143424.6854","12123173335.8573","12665504966.7986","13161505471.941","13588362872.3426","15056295895.5815","15704969913.111","16043624168.3331","14472031244.9246","13472162963.4075","13759515911.0147","15471580334.8267","15832069855.0438","17172652644.9582","19183577929.4693","",
"Netherlands","NLD","Gross national expenditure (constant 2015 US$)","NE.DAB.TOTL.KD","","","","","","","","","","265712091244.564","285161647630.966","292041781800.92","293746295972.796","308371824653.035","315975051122.333","317809960736.151","333959881250.868","348380856704.798","360641690584.357","364861579994.609","374110697401.727","361804219815.739","357674656333.585","367363435234.745","372889924286.931","383486579137.229","395612115534.38","402884895669.266","414715874604.255","430198333400.637","444092374707.524","453810222719.098","460941685543.574","458217162512.949","470835699592.313","486011176956.359","505112387733.017","527530624388.22","556458298431.797","585383129417.465","604543951838.875","622856673563.871","624291636032.974","625574417303.24","629055828823.208","638665204213.948","660154802803.329","693867229456.774","698300370432.765","680979159200.239","680280591246.767","684915958648.474","671342555254.561","668256732876.309","670156842835.596","716338136112.89","709019788841.087","729009894381.913","746784648640.877","771663508353.442","739755241257.831","783787923069.121","823139983344.491","812929065105.877","824422069173.413","",
"Norway","NOR","Gross national expenditure (constant 2015 US$)","NE.DAB.TOTL.KD","","","","","","","","","","","101429823293.323","109154117990.682","109274031258.263","117264565439.574","123540353356.697","129686183679.57","138120409168.109","143453012248.543","135243980568.545","140373462830.14","145891082010.005","148083496975.3","151330825637.372","151131053012.491","159086741659.366","168483868852.524","181934607784.739","180059894588.975","174477668698.276","171178877704.576","170595060403.307","171728841568.389","175794605718.008","181976149636.592","189317639723.787","197532375757.602","205815810691.399","220499410915.232","233397705818.216","233245427182.773","239816968065.684","240765361165.08","245577017574.085","248873948469.788","267265557466.625","282288560518.901","300151534574.401","319583920629.541","324368295815.223","312479156729.714","322648837341.547","331569039995.91","341875374539.871","354032117289.711","358608659649.35","362081058179.188","368410788345.678","377915676319.365","385253818273.068","393569246626.352","378257559089.925","387867851485.083","409623602309.888","406283269613.435","408101064401.055","",
"Nepal","NPL","Gross national expenditure (constant 2015 US$)","NE.DAB.TOTL.KD","","","","","","","","","","","","","","","","","","","","","","","","","","","","","","","","","","","","","","","","","","16063869860.5821","16297615026.6718","16976871283.1742","17594579526.4681","18477441344.4123","19372928725.6122","20104135772.7468","21208811305.0789","22594884668.5245","25041531027.1202","25427061775.436","26244545616.8098","27184587771.1244","28892661331.2331","30122658186.9019","30133457551.1062","34585841856.2615","37282726022.7342","40720862515.2359","38069359673.6719","43133627498.1351","46789637525.7483","43793830963.1424","44468824574.8139","",
"Nauru","NRU","Gross national expenditure (constant 2015 US$)","NE.DAB.TOTL.KD","","","","","","","","","","","","","","","","","","","","","","","","","","","","","","","","","","","","","","","","","","","","","","","","","","","","","","","","","","","","","","","","","","",
"New Zealand","NZL","Gross national expenditure (constant 2015 US$)","NE.DAB.TOTL.KD","","","","","","","","","","","56129509789.099","57271257839.5481","60990540228.3223","68338393703.515","74455731058.7301","68573046061.1598","67681699478.5457","65284163840.587","64849020290.007","65776441352.315","64935754017.1339","68190578489.719","68623248278.7683","71013945891.0349","74760652226.726","74926192503.6828","76502966986.5439","77284102029.981","78594672772.9506","82013036989.9716","81105062174.6809","77300130432.5036","78725110653.9365","83452183508.3723","88803920870.0607","93190609209.9433","96801458478.1307","99777323121.2115","100233707941.198","106159052754.299","106429885442.628","110963277830.297","116313369475.084","125301613528.436","132947825567.177","139419018551.012","140913886723.899","149021892160.296","146861797500.351","143484544173.737","148071694728.802","153626981402.987","157012471336.715","163585103155.282","170868773275.716","176413117383.497","184915964250.356","194730970917.5","202993626344.089","208744760978.044","210856079123.92","226358974012.858","233393871913.368","229384980258.519","227035761406.856","",
"OECD members","OED","Gross national expenditure (constant 2015 US$)","NE.DAB.TOTL.KD","","","","","","","","","","","15230379136286.3","15780053144586.6","16627517361036.2","17623879852733.1","17715694865741.8","17708790397777.4","18572642928538.7","19174417461675.2","19980894321169.9","20791100301043.5","20943430517437.2","21186068956650.9","21220655777871.9","21816955843402.1","22779829904857.1","23650918968580.7","24531837723915.6","25425458568695.9","26614941070256.9","27662136453262","28477245859456.1","28765066995000.4","29392679960078.9","29702251159055.8","30726973216640.2","31444944600894.8","32417877321600","33486346944516.9","34595582356837.5","35984739561114.9","37477994870815.8","38062852531105.1","38654552786315.8","39539684199870.4","40754200672833.3","41947821983726.3","43148667111009","44125767846237.1","44077640553329","42477474100334.2","43699262056669.6","44373836454551.7","44751211558079.6","45347223192338.5","46366367163959.6","47669262413044.9","48588523560081.7","49810699457915.9","51010138358512.4","52052449269280.9","49983508504414.5","53092310955447.1","54866228311861.2","55504485050024.2","56545256124516","",
"Oman","OMN","Gross national expenditure (constant 2015 US$)","NE.DAB.TOTL.KD","","","","","","","","","","","","","","","","","","","","","","","","","","","","","","","","","","","","","","","27807608169.4726","25614507943.796","23760971236.6612","25521250419.2313","26881041294.1897","29424273990.4938","34582109383.6284","31051912713.0264","39309454390.7061","48286905421.938","55067842552.8637","57896479246.0661","54612334259.4969","59321687423.6892","69079584560.8865","74254653800.903","71719115117.2258","76407282184.6554","77259374443.434","82405978587.51","80594145781.1787","77405050219.259","78227727897.1755","76358478300.2434","81805061260.9098","82324772640.6161","82644233008.0259","",
"Other small states","OSS","Gross national expenditure (constant 2015 US$)","NE.DAB.TOTL.KD","","","","","","","","","","","","","","","","","","","","","","","","","","","","","","","","","","57177358785.4931","58370885754.334","61619504528.748","68146802048.5741","69272918253.3593","72364005083.4578","73486350875.5701","76060230597.9338","78492692909.7013","82624104631.2241","86308537031.3835","91850044572.7107","97871898504.723","106359679318.942","113957658733.304","115629239761.588","104916609116.033","107149950674.824","110806512293.605","113723779911.23","112895529771.343","112378762398.371","116560087179.013","122793317094.046","129499330418.819","136680568721.475","140912056824.604","134417335547.691","141748705212.142","150364607654.954","154407088363.963","159265120254.107","",
"Pakistan","PAK","Gross national expenditure (constant 2015 US$)","NE.DAB.TOTL.KD","","","","","","","","","","","","","","","","","","","","","","","","","","","103914162823.859","108867092974.285","116853572461.454","122002521959.989","126275702404.706","125713468051.907","137913222589.393","143781536466.969","145121527514.213","154254671492.468","164782962601.736","167106811623.759","171027882370.955","176360563109.665","179511899108.195","184958400185.647","186665326303.432","194724688047.875","212040773188.075","234819094303.112","250259942258.8","259525849755.748","265963645948.418","268788030416.679","269256231315.306","273673248456.499","283752735080.211","293010881987.016","307192738980.943","320178269229.082","347613172289.742","371108340350.386","398711133980.591","408896147275.138","399769500008.51","431223440284.891","457387976535.526","454652642094.661","472942161667.571","",
"Panama","PAN","Gross national expenditure (constant 2015 US$)","NE.DAB.TOTL.KD","","","","","","","","","","","","","","","","","","","","","","","","","","","","","","","","","","","","","15306675980.5877","16616932274.604","19561257276.0438","20251280983.2449","20369296330.595","20231534619.4065","21419279308.8354","23512427433.8127","24997443109.2048","27368038259.5206","29613258707.5081","32714076454.4115","36741053955.4372","34860158314.6146","39813061071.3006","43155421855.1692","47704803211.7342","51412154615.0398","54488342202.9255","56774926600","59048388776.6925","62154648700.9993","64306459533.4367","65476563736.4738","51636906511.4405","60471141637.1522","67171549585.583","72888845209.3897","73591461743.4659","",
"Peru","PER","Gross national expenditure (constant 2015 US$)","NE.DAB.TOTL.KD","25452897010.6211","27181972529.8043","30232453516.4313","32296634299.5588","34417701873.7449","37123247910.2601","40724696825.7229","42690218510.7723","41338382166.1948","42974228068.9145","44427495195.2714","47127283058.0305","47981953533.3589","53755175794.9305","60525283289.4504","62563228813.3245","61909243936.7706","61086203951.2357","55768569902.0696","56100029107.909","64069198248.4869","69757773184.4369","68539543231.1544","60277383497.0622","60252956044.5868","60151551548.9557","69594408239.3812","77951178885.2529","70240340016.4942","58021141196.0778","57093767803.5758","59140694150.6251","59108971268.4982","62257574691.4915","70329347377.0544","78251278927.684","79170909096.2833","84011243068.6316","82755661309.5034","80093264436.0361","81409301593.3815","80964433087.4494","84298050526.4016","86895093824.9835","89478061501.2099","93706357046.1476","103882502859.174","116273679711.912","131741997700.765","129266915193.631","147344799906.905","159802061715.872","172669402599.482","184147546946.412","189841138806.202","194715301502.086","197950395645.83","202200693410.365","210253373266.548","215846218227.187","193110883401.538","223713678986.889","229609976522.178","225842343689.907","234852462336.102","",
"Philippines","PHL","Gross national expenditure (constant 2015 US$)","NE.DAB.TOTL.KD","31485340106.1103","33603031273.1009","35086056073.1751","37908870294.322","39865245809.4602","41893195500.4764","43484640826.5975","46283189602.828","48163336763.6761","50191682550.5982","51178190818.5644","53357120180.2717","55568317838.3136","59647854426.7475","64814387508.1652","70616895297.7262","76192943772.4135","79087093422.7302","83615598414.2323","87484592775.935","89575004681.932","91557207528.5507","96334704283.889","97885674388.3242","88124734828.3659","82730316599.1187","85703815892.6721","90633116898.2426","97236980097.626","104422773015.757","112100190604.207","109835787023.699","113664979469.308","117944398180.257","122797499200.165","126661949321.156","133287725063.637","140789550878.815","141306043939.216","141325777864.046","146730492846.936","155325441492.913","162237679644.788","169122110754.878","178548868867.105","183577042975.148","188441318003.012","198867829450.502","212282854571.842","216397751187.196","233315272878.913","241843810296.485","259849868704.755","280395876872.281","297296113260.517","320926902327.415","353533299075.084","378699346412.829","408341585394.498","431416949806.229","379500970059.967","407569509604.816","443851427699.299","465987523735.496","492808551365.983","",
"Palau","PLW","Gross national expenditure (constant 2015 US$)","NE.DAB.TOTL.KD","","","","","","","","","","","","","","","","","","","","","","","","","","","","","","","","","","","","","","","","","","","","","","365191875.185844","357104808.731019","355936186.41354","342745109.926228","312720587.442599","301616954.637131","311921712.609713","320552337.562713","320211580.459752","347419402.205387","355441702.365875","375244634.724985","381946642.151655","370541369.448263","383271624.975876","406992927.001691","372817823.13019","373212764.210717","345050922.155069","","",
"Papua New Guinea","PNG","Gross national expenditure (constant 2015 US$)","NE.DAB.TOTL.KD","","","","","","","","","","","","","","","","","","","","","","","","","","","","","","","","","","","","","","","","","","","","","","","","","","","","","","","","","","","","","","","","","","",
"Poland","POL","Gross national expenditure (constant 2015 US$)","NE.DAB.TOTL.KD","","","","","","","","","","","","","","","","","","","","","","","","","","","","","","","","","","","","215121421939.249","234302294734.05","253154131847.725","267730733519.034","282093301498.873","292051969757.262","290155007295.397","295025334925.056","301932219127.205","319963788300.836","326926223637.087","349976946544.635","379935508688.155","400953548215.944","400192333200.69","416288207985.144","433627881681.921","431487783525.667","428380978909.67","452218357872.397","470127337843.215","481138506433.214","507079241278.684","540716434540.39","559510863509.749","543900092850.511","591071892823.982","619730282530.84","600192439315.559","626950417827.298","",
"Pre-demographic dividend","PRE","Gross national expenditure (constant 2015 US$)","NE.DAB.TOTL.KD","","","","","","","","","","","","","","","","","","","","","","","","","","","","","","","","","","","","","","","","","","","","","","","","","","","","","","","","","","","","","","","","","","",
"Puerto Rico (US)","PRI","Gross national expenditure (constant 2015 US$)","NE.DAB.TOTL.KD","","","","","16633038879.8552","18740886167.2331","19950808978.7681","20689904184.6655","22423617313.3517","24561290608.6804","27539015742.8965","29306662230.4794","32155183065.4262","33590623096.117","31372786659.126","31824815250.5472","52308260334.4254","33415809205.2893","35150126104.1399","35801113492.5417","36394859086.3077","35851281645.9831","33584917813.682","34844413286.3479","38144698081.3883","39346991699.4887","40421159529.409","44336864168.6711","47422606047.5472","49324027619.7766","50554257492.6205","49431680211.1646","51230811566.4531","53764691768.7473","56082674771.7635","53349108820.5213","62889882913.566","67393323066.976","69226935962.8794","76388873864.2355","77281224085.3096","78253741483.4777","78938175013.9288","81137228014.7672","86974801698.1029","88363639816.3961","88860369683.6196","88918524795.8962","86399456200.2927","83145536347.944","82613004664.1607","84220865647.2883","86550142273.4364","86170222183.0334","84286541997.6266","79629600000","75639330359.5734","77135142326.4375","77858822051.4138","85723751361.9515","70402324044.351","92938382644.5108","101323836620.591","102420926867.696","101537057891.472","",
"Korea, Dem. People's Rep.","PRK","Gross national expenditure (constant 2015 US$)","NE.DAB.TOTL.KD","","","","","","","","","","","","","","","","","","","","","","","","","","","","","","","","","","","","","","","","","","","","","","","","","","","","","","","","","","","","","","","","","","",
"Portugal","PRT","Gross national expenditure (constant 2015 US$)","NE.DAB.TOTL.KD","","","","","","","","","","","66396520255.3548","71957897933.5465","76762681860.3619","87144187563.4866","92643536058.7978","84474813057.3192","90432949856.4059","96626691487.1837","97007742510.3197","99345223979.1612","105253423723.978","108778515978.355","111285200152.858","106651158693.762","100776594653.166","102071904019.126","109912104808.096","119437629248.362","131278356994.48","135694924807.49","145027998895.559","151197095948.408","156289149791.9","154567957893.223","160248429330.543","163055863769.131","168829519590.566","177611141535.278","189650421954.706","200061037847.23","206637178025.816","209888622753.587","209699847175.078","205421863672.943","211602149596.477","214492533197.13","216236517726.737","221438608207.624","223975756846.15","216487759413.958","220209518644.995","207943726692.466","193237441070.441","189478671507.127","193303401240.56","197564329984.559","201868558855.682","207979879355.658","214525691539.561","221440177996.251","210033224083.827","222056978788.81","232537311285.847","237648045876.429","244486335533.681","",
"Paraguay","PRY","Gross national expenditure (constant 2015 US$)","NE.DAB.TOTL.KD","","","3172181888.35064","3316920552.4338","3462893685.09973","3669520418.99618","3763478864.98814","4112912701.27861","4309083003.77063","4515475727.446","4727571322.07782","5008428359.47727","5309548041.57731","5689614300.55618","6235976837.53209","6753853758.37073","7358284722.92189","8385325150.13598","9355541024.75486","9728636639.31893","11428904332.509","12920795925.877","12692775485.397","12064568851.8029","12380175716.4251","12246139983.1875","12824306815.1817","14039717062.7464","14160853358.386","14471339956.156","16055006474.7312","16898337472.0769","17518368695.4573","18200607749.4176","19486768810.3686","20148908793.3235","20052315036.1955","20757225271.9899","20199887413.629","19800604676.1644","18952082323.5666","19504546913.0435","19232495223.2442","20584236284.6489","21481293259.8431","21585493283.8834","22570646476.9836","23776338277.3304","25863440013.7984","25877172743.9694","29592043254.8568","31049804808.4001","30815711881.5166","32391771172.8259","35011395219.9198","35286516255.0614","35744922907.2108","37831666708.1263","40286675016.3193","40342876227.7535","39216114874.7367","43216458767.7335","44829009896.9755","43587759647.5323","46520226447.7268","",
"West Bank and Gaza","PSE","Gross national expenditure (constant 2015 US$)","NE.DAB.TOTL.KD","","","","","","","","","","","","","","","","","","","","","","","","","","","","","","","","","","","7820148296.13","8332807342.84","8420950506.52","9500486187.36","10585726601.81","12046236152.02","10601995625.01","9821577657.39","8710429726.09","9977602039.23","11627200000","12922200000","12585700000","12643700000","13606500000","14713800000","14992000000","16170300000","17907800000","18054800000","18296500000","19348200000","21027500000","20680800000","21149300000","21505900000","18823500000","20522300000","22968200000","21933100000","15128800000","",
"Pacific island small states","PSS","Gross national expenditure (constant 2015 US$)","NE.DAB.TOTL.KD","","","","","","","","","","","","","","","","","","","","","","","","","","","","","","","","","","","","","","","","","","","","","","","","","","","","","","","","","","","","","","","","","","",
"Post-demographic dividend","PST","Gross national expenditure (constant 2015 US$)","NE.DAB.TOTL.KD","","","","","","","","","","","14594388690419.7","15117232785642.5","15918953855751.6","16858418461408.4","16915935881023.1","16894976093132.1","17735176065311.4","18320791655991.4","19061023848858.7","19795232479880.6","19878954327657.1","20050796907217.1","20159046086099.6","20820457565801.7","21756800576400.7","22590886860454.6","23484622536294.1","24348865037793.5","25499851757386.1","26499325770544.7","27246305413443.8","27449190164617.4","27973430357865.9","28221195895135.3","29114129910599.7","29869930254679.4","30745164179948.2","31695590701113.8","32693928311948.1","34031052203434.6","35431200039968.4","35999709274248.7","36558350743715.5","37399715712188","38545273601842.9","39669864672240.6","40758508833753.5","41650706632206.1","41574560039274.5","40069410763281.6","41189585754816","41735688205690.4","42063081128520.6","42636189402717.2","43539729518139.3","44700300902503.5","45527132047753","46683411119474.6","47798973867653.7","48693478115501.2","46870320572348.5","49762275438369.6","51321662923029.3","51901110547545.1","52902697753238.2","",
"French Polynesia","PYF","Gross national expenditure (constant 2015 US$)","NE.DAB.TOTL.KD","","","","","","","","","","","","","","","","","","","","","","","","","","","","","","","","","","","","","","","","","","","","","","","","","","","","","","","","6199441664.39477","","","","","","","","","","",
"Qatar","QAT","Gross national expenditure (constant 2015 US$)","NE.DAB.TOTL.KD","","","","","","","","","","","","","","","","","","","","","","","","","","","","","","","","","","","","","","","","","","","","","","","","","","","","","","","","128720175357.143","","","","","","","","","","",
"Romania","ROU","Gross national expenditure (constant 2015 US$)","NE.DAB.TOTL.KD","","","","","","","","","","","","","","","","","","","","","","","","","","","","","","","86857624991.6727","73090006800.6891","71021017900.4672","72857334808.5647","78093234641.3038","85136205836.8034","89280035807.2417","85807285646.5921","87733273176.1727","84756217135.9144","89202448457.823","96581782538.4833","101071613341.582","106671858800.412","121543820001.184","131654731367.351","149169030903.877","172395911979.581","187915582990.558","167943840348.415","162015476372.91","168655648801.281","169859125394.854","164110970364.552","171133972924.695","179347684168.454","184860655778.247","202933221778.383","217037576296.213","229085989986.803","224475838222.398","239509097149.365","250145299127.387","254995756970.361","263963657890.483","",
"Russian Federation","RUS","Gross national expenditure (constant 2015 US$)","NE.DAB.TOTL.KD","","","","","","","","","","","","","","","","","","","","","","","","","","","","","","","1264787465748.24","1213318236106.69","921673711487.246","785071491726.301","686304024388.987","651322867946.074","628895719644.957","633895300039.98","545047335403.018","533320050170.132","625619695922.656","683719675156.907","713973842654.293","772173971549.347","850475752252.014","928785165453.352","1037590804558.89","1185687861087.93","1294501169961.64","1096344068641.4","1193425486240.04","1304055082809.84","1382147404613.92","1400007870114.63","1385849368751.78","1262501917944","1245853014186.62","1297243580874.66","1326045836451.31","1367706500360.96","1312588854812","1347749507261.25","1416383131618.39","1552868212824.98","1621213776751.22","",
"Rwanda","RWA","Gross national expenditure (constant 2015 US$)","NE.DAB.TOTL.KD","806552770.433032","775468583.733519","903938148.575797","842048481.718254","689505838.587951","751951973.105729","820191171.849209","871692326.97563","939518713.331824","1053945160.47846","1087979639.81704","1111573650.88487","1117323498.16274","1102195492.87739","1155451791.57132","1126698378.67027","1296435450.42752","1373132560.41042","1489478040.89292","1640893547.90776","1808578748.3795","1923078158.93123","1962587383.1469","2126427255.29659","1956659300.92527","1983361676.86821","2156299337.11205","2093181668.3264","2263699715.1124","2258008120.9577","2205047454.37807","2446224503.53805","2540924072.37897","2436120367.4664","1616686678.02427","1745200427.7184","1914864347.66751","2255445342.16908","2422412722.51173","2883725428.18386","3213224408.8784","3358413519.98682","3798181753.72782","3748837252.16486","4034601914.74292","4420991904.68422","4957815460.33687","5230515100.37003","5799035110.66227","6307893162.03326","6710877342.18405","7275694216.11569","8030452664.96416","8378689905.7293","9037632168.13052","10144724327.3103","10721713440.3442","10677864496.3167","11526955348.4915","12654815055.5687","12400900605.6204","13611395480.6086","14622653037.6109","15580928438.2051","16814969909.1144","",
"South Asia","SAS","Gross national expenditure (constant 2015 US$)","NE.DAB.TOTL.KD","189298645858.737","195133898429.442","201113446658.549","211701411425.443","227262715974.186","231876950694.515","236273115617.861","242178185277.342","247327383241.408","260026149560.332","271719511362.291","278545815443.852","275528826698.304","280713275022.278","277498424691.557","283211820349.401","298560154464.425","318280172112.148","347025711262.632","339407905875.105","366038073116.853","374188571128.801","380209514272.44","405561664347.436","422429940714.901","443517619291.166","460613882505.084","485281226140.762","518110494489.054","544486895042.557","582993941921.748","572352406922.352","598317037720.148","623373738330.757","666562160629.471","709135846683.568","747746331709.66","791760596696.133","840645932128.015","914777771543.289","928586571295.703","976670986633.81","1009986627748.04","1085037082628.8","1187670497528","1303589765486.69","1406015125063.69","1550023008912.19","1597456059556.96","1728394770737.96","1885806738154.64","2010897464041.58","2103706484860.81","2167827901741.66","2315552898331.18","2472321149169.73","2627101040079.38","2840429766915.23","3072565314277.84","3157426923319","3009083165337.82","3381556351099.39","3610275955741.05","3844933393774.61","4091091242999.64","",
"Saudi Arabia","SAU","Gross national expenditure (constant 2015 US$)","NE.DAB.TOTL.KD","","","","","","","","","","","","","","","","","","","","","","","","","","","","","","","","","","","","","","","","","229516884019.62","230824483782.034","240770079435.713","250520537617.195","276940946777.884","310001143292.897","357190460143.256","401019305131.285","461812235029.614","473413945380.717","500902120737.675","559317424174.224","604545398009.941","635927411790.197","694596425670.86","722711200000","669302966759.394","683620151138.832","700822811442.251","743602255189.606","693952135783.465","752540085552.709","823634800654.903","876871405115.073","901898247667.239","",
"Sudan","SDN","Gross national expenditure (constant 2015 US$)","NE.DAB.TOTL.KD","","","","","","","","","","","","","","","","","","","","","","","","","","","","","","","","","","","","","","","","","","","","","","","","","","","","","","","","53948707070.7071","","","","","","","","","","",
"Senegal","SEN","Gross national expenditure (constant 2015 US$)","NE.DAB.TOTL.KD","","","","","","4196676466.3421","4243817536.69012","4319292675.36217","4376854164.52064","3982683735.23735","4372252302.75254","4467630011.11089","4566180975.33049","4490331508.52334","4661470162.803","4982928864.68004","5368671587.1922","5366737109.6883","5472515703.73251","5730951835.57615","6013426564.51132","6413850547.95017","6403148298.39134","6034910015.99555","6519363793.29778","6924641633.57709","7186587290.4115","7524729807.31238","7518832405.36752","7489909062.12116","7706809600.101","7966891557.23125","8197489985.832","8398989908.38126","7576261262.56428","7998038585.61457","8174870800.20383","8587642705.95041","9097804690.10105","10495400749.2043","10692117925.8404","11784763019.2928","11476650405.5807","12467846646.5309","12764627049.5708","13539180614.9992","13947352022.9501","14722854798.0221","14993754292.8207","15330457032.6206","15759508088.0414","16106322689.7643","16696124210.7215","17491363950.1077","18874992266.1215","20042106812.3047","21416035334.9407","23576578654.5514","25163287516.7464","26047782495.5065","27686765624.7299","29674669430.9121","32020257413.4069","33384567120.1078","34691391017.6338","",
"Singapore","SGP","Gross national expenditure (constant 2015 US$)","NE.DAB.TOTL.KD","6281830603.65696","6844333460.1689","7342613015.55325","8114660901.31795","7750024816.20249","8309797921.32251","8976994840.19489","9916467476.47001","11316582035.3127","12896030763.5351","15772970613.4584","18006965596.7195","19753577967.1046","21268497589.067","23548633001.8865","23529818939.9007","24889339773.7413","25621853489.909","28001562101.3534","30756100740.364","33799966215.6607","35827447571.2656","39117142846.7776","42316300050.4383","45495019872.7253","44310623889.1139","43604145973.3849","47440852694.2452","50124384635.4043","55013946061.558","60964561430.4726","64257402653.9878","68708765675.0493","78306241902.4307","81629803417.2409","88813000792.2912","97307767805.2434","108029722373.635","98165548956.1379","107327158276.254","127776291016.531","122939234128.783","124329566597.011","115021154315.49","131188076385.319","135224945879.948","145593706628.488","156812634522.31","175931452989.238","171024450851.805","190185697880.723","196424990857.812","210497940633.109","220084324890.577","224250942008.973","223921662757.078","236444340472.409","250642877517.471","253776672675.449","258636416943.907","234386368058.649","262352537367.806","276284567307.436","270577812018.234","289857357360.22","",
"Solomon Islands","SLB","Gross national expenditure (constant 2015 US$)","NE.DAB.TOTL.KD","","","","","","","","","","","","","","","","","","","","","1489272982.86417","1462546781.37554","1438144384.43807","1494074985.34612","1496672178.62835","1449798805.37049","1125024346.32039","963282681.038367","1397882624.61379","1323770263.70807","1371825993.4043","1208862883.33554","1127499241.42452","1406310272.16588","1584928429.23888","1594329049.10721","1331981233.88805","1337402702.9273","1023173007.61252","1007168673.72973","908703825.126006","863800290.670095","784107762.680479","713359661.940849","805428123.524929","1082891613.0122","1108240710.67295","1167503680.46985","1192037056.3454","1177760514.57148","1421768798.09786","1243684000.61504","1227412856.83875","1324943366.76799","1348927022.94178","1425095853.79153","1479955080.83154","1502192383.54092","1639703668.64039","1747940267.35211","1508616621.40164","1678872654.77229","1700717032.54476","1874791801.50549","2000531149.68539","",
"Sierra Leone","SLE","Gross national expenditure (constant 2015 US$)","NE.DAB.TOTL.KD","","","","","","","","","","","","","","","","","","","","","","","","","","","","","","","","","","","","","","","","","","2945406208.15187","3668381065.56268","3914361302.42405","4012442061.98153","4183785588.30632","4232561454.59531","4528237977.01023","4922660467.98029","5326206984.05292","6248052404.94658","8459459715.50439","8337330725.01374","9975962026.64078","9733361653.00106","7842883372.73444","8774333035.79028","9229287056.88436","10164338745.6717","10945917759.9009","10245469990.6606","10655155771.1037","11409949245.1087","12093725206.3616","11155477906.804","",
"El Salvador","SLV","Gross national expenditure (constant 2015 US$)","NE.DAB.TOTL.KD","","","","","","","","","","","","","","","","","","","","","","","","","","","","","","","14785960916.9098","15180448210.5787","16661752196.3301","17719820186.9601","18931924810.9279","20386433108.1373","19826873226.69","20228135487.078","21038052821.3389","21263910649.4443","21674211120.6496","22148764212.8991","22252268740.7399","22711457496.7563","22922311201.5197","24042028619.4584","25454423228.7604","26759192065.2555","26583804601.0062","24093525646.8438","24667949824.6999","25553693332.1915","26238374951.3355","26846900720.5597","26733753462.2112","27560550000","28085276813.8781","28549127497.8114","29315164922.6351","29799227261.3382","27925218091.611","31877174673.1849","32133322762.4261","32407300800.1647","33161766303.8912","",
"San Marino","SMR","Gross national expenditure (constant 2015 US$)","NE.DAB.TOTL.KD","","","","","","","","","","","","","","","","","","","","","","","","","","","","","","","","","","","","","","","","","","","","","","","","","","","","","","","","1028478875.2664","1067584708.43193","1094493667.83761","1104712090.12749","1166439315.21274","1055399549.18668","1161554849.89379","1282627889.95656","1187366735.06111","","",
"Somalia, Fed. Rep.","SOM","Gross national expenditure (constant 2015 US$)","NE.DAB.TOTL.KD","","","","","","","","","","","","","","","","","","","","","","","","","","","","","","","","","","","","","","","","","","","","","","","","","","","","","","7430225648.16709","8076245927.43136","8781343509.99644","9446944636.52931","10973364924.0596","11374931396.0352","11603730809.4639","11586341498.8054","11946842885.4401","12932468039.142","13800481989.5827","15320708442.5203","",
"Serbia","SRB","Gross national expenditure (constant 2015 US$)","NE.DAB.TOTL.KD","","","","","","","","","","","","","","","","","","","","","","","","","","","","","","","","","","","","24878798892.8895","26109385246.7575","28337421097.7383","28207531650.3333","25340128659.1363","27327696682.8615","30070695960.4215","33112702087.0579","34461694874.4444","39050725977.7212","38690642998.5019","41911472235.4534","46862833710.8615","49368554036.1661","45210705060.9365","44599000233.0394","45367742584.4074","45075004942.2379","44144601384.4438","43688992808.7322","44088249005.1022","44685489587.0504","46390547277.4798","49184130565.6694","52304843618.4061","51810664149.8827","55710045113.8049","57483245826.9087","58045031514.1684","61310535562.1652","",
"Sub-Saharan Africa (excluding high income)","SSA","Gross national expenditure (constant 2015 US$)","NE.DAB.TOTL.KD","","","","","","","","","","","","","","","","","","","","","","","","","","","","","","","","","","658347125821.36","682020413301.909","714426774352.388","739409671320.752","764007587915.249","792407832195.097","810176377690.026","832570649832.557","864046263878.582","897509596220.465","949328175253.462","1006287440540.86","1065675489022.16","1151840188219.77","1237374714423.66","1315831031817.59","1321725867285.15","1396406053178.24","1476233528797.05","1570279434909.74","1640530954181.35","1691479644145.63","1722437676229.75","1738574458523.06","1781650913404.1","1853817070917.35","1893187879165.96","1856198541191.99","1969552538363.86","2082431182865.82","2151177313370.07","2217280930233.83","",
"South Sudan","SSD","Gross national expenditure (constant 2015 US$)","NE.DAB.TOTL.KD","","","","","","","","","","","","","","","","","","","","","","","","","","","","","","","","","","","","","","","","","","","","","","","","","12490721127.2138","12148267691.1682","13853302638.7401","12950709139.8473","12470453218.2674","13259927590.5435","13013932861.7452","11067809278.0645","","","","","","","","","","",
"Sub-Saharan Africa","SSF","Gross national expenditure (constant 2015 US$)","NE.DAB.TOTL.KD","","","","","","","","","","","","","","","","","","","","","","","","","","","","","","","","","","","","","","","","","","","924538495539.549","977684202658.024","1036316147877.04","1097646608595.85","1186548485380.36","1274351613646.46","1355258870599.57","1361241993236.98","1438217489594.85","1520541488555.35","1621635967790.43","1698461872412.16","1759800618209.67","1804620513044.87","1828764164491.3","1883148769836.96","1954045950746.78","2008375255537.43","1978290925144.02","2097755740569.2","2216465244498.11","2293842775040.55","2374391832369.95","",
"Small states","SST","Gross national expenditure (constant 2015 US$)","NE.DAB.TOTL.KD","","","","","","","","","","","","","","","","","","","","","","","","","","","","","","","","","","91650569544.805","94167776253.964","99364134685.0479","108471006321.136","112817477332.92","118649074219.367","120920379593.314","125577298649.876","128562870723.784","134695907905.179","139375799228.433","146313558041.558","156663622671.915","169317692690.458","179705402204.937","181421363991.177","165198292992.743","168441340873.576","173386500961.96","177565598788.649","176060776912.833","176654154887.316","182214756975.344","191257253991.312","201789625562.516","211534462556.912","217009247374.767","205125322015.747","218291994669.489","230630527018.819","237811976931.101","246075826569.693","",
"Sao Tome and Principe","STP","Gross national expenditure (constant 2015 US$)","NE.DAB.TOTL.KD","","","","","","","","","","","","","","","","","","","","","","","","","","","","","","","","","","","","","","","","","","","","","","","","","","","","","","","","","","","","","","","","","","",
"Suriname","SUR","Gross national expenditure (constant 2015 US$)","NE.DAB.TOTL.KD","","","","","","","","","","","","","","","","","","","","","","","","","","","","","","","","","","","","","","","","","","","","","","","","","","","","","","","","","","","","","","","","","","",
"Slovak Republic","SVK","Gross national expenditure (constant 2015 US$)","NE.DAB.TOTL.KD","","","","","","","","","","","","","","","","","","","","","","","","","","","","","","","","","43187359696.2588","44221087405.0388","42360293844.1793","46267999667.6812","53418934201.7122","55524427970.3103","57520188219.2164","53968407638.1053","54162477953.7145","58022088944.6071","60105945810.1183","59584757339.9893","63254150717.6247","68501494623.5005","73073369836.5542","78125002049.3645","83070242888.7588","77069623541.6609","81985645691.7321","82228773106.8838","78727109793.8119","78832939736.6219","81513362970.4265","87429154223.8875","88878245051.4656","91537786680.066","94854622196.8174","97923621696.6538","93957294214.3416","100092990364.556","101842831715.674","96692628678.822","100902989766.661","",
"Slovenia","SVN","Gross national expenditure (constant 2015 US$)","NE.DAB.TOTL.KD","","","","","","","","","","","","","","","","","","","","","","","","","","","","","","","23488661059.2523","21203028387.7818","20519371298.2248","23214627002.9381","24565084795.2419","27166043398.7278","27877612035.126","29304824861.4347","30510006339.6727","33007185666.6986","33358643778.4128","33747289282.4164","34487196201.3931","36191320566.2485","38031465541.67","38679050393.5396","40565198192.5483","44293646464.0168","45763676674.4947","41604810532.5833","41201140088.2911","40999449273.8414","38634281110.1708","37985983326.2759","38458042481.8281","39245741004.7804","40377386322.1043","42117872962.65","44211926597.9753","45789360907.2629","43887504035.6616","48560797221.8807","50447192795.476","50456388330.7551","52135228304.0693","",
"Sweden","SWE","Gross national expenditure (constant 2015 US$)","NE.DAB.TOTL.KD","","","","","","","","","","","220138871794.96","217355150812.763","221263170766.381","226302665327.242","236883152917.801","246695181933.733","252745515242.845","244679533534.078","239246100708.245","252691432831.306","257603001413.94","253813138341.973","255346279271.433","252645675918.325","261959357518.343","272553998648.644","279743101783.856","291888313322.057","301493527860.132","314109968570.923","315972179955.097","308153243702.297","303384459541.144","288536776547.011","298131403838.335","305570270103.926","309545327229.827","315599367266.244","330217217835.514","341730839087.868","357059445041.077","359343070444.814","364079914309.663","369068360481.87","377095976825.999","386145036246.609","402966919090.656","423468200162.167","422487135057.326","407486393639.329","431460518647.481","444160524629.002","441776090858.573","448924966393.714","463672807908.733","485301036603.24","500705462523.975","512231552828.869","520660035034.404","522229744395.374","510741939433.7","539979044607.254","554890103850.562","544265549772.016","549628345211.974","",
"Eswatini","SWZ","Gross national expenditure (constant 2015 US$)","NE.DAB.TOTL.KD","","","","","","","","","","","","","","","","","","","","","","","","","","","","","","","","","","","","","","","","","","","","","","","","","","","","","","3799657427.53072","3794013452.64472","3851335462.05566","3985167804.04398","4114742319.70835","4147615253.71322","4184309385.48406","4057856643.53701","4155073351.24344","4300635459.28507","4513960739.93396","4489952936.07258","",
"Sint Maarten (Dutch part)","SXM","Gross national expenditure (constant 2015 US$)","NE.DAB.TOTL.KD","","","","","","","","","","","","","","","","","","","","","","","","","","","","","","","","","","","","","","","","","","","","","","","","","","","","","","","","","","","","","","","","","","",
"Seychelles","SYC","Gross national expenditure (constant 2015 US$)","NE.DAB.TOTL.KD","","","","","","","","","","","","","","","","","","","","","417300547.326606","419280860.2536","425200409.494673","459548427.681684","421941429.491718","511116161.877686","456428124.435938","478499226.026303","510397475.259762","526148733.839832","629990735.066485","620693097.888907","734138748.788352","854336299.811566","774266398.705391","845534136.823881","934688986.953507","1016957147.54497","1113012998.48515","1044293185.29099","853463516.413936","942705194.516747","884864554.944404","814606886.335925","848578457.112131","987341277.418285","1148418036.99728","1058135479.58668","1185878377.17585","1138113244.77471","1240789561.31476","1376918560.37139","1435173951.8011","1348186037.54173","1512801852.26112","1537051252.72975","1768889161.0029","1885729335.36292","2013156718.26664","2067525184.09802","2026129206.87387","2081946107.83065","2087066981.00297","2245462392.49816","2374648818.10767","",
"Syrian Arab Republic","SYR","Gross national expenditure (constant 2015 US$)","NE.DAB.TOTL.KD","","","","","","","","","","","","","","","","","","","","","","","","","","","","","","","","","","","","","","","","","","","","","","","","","","","","","","","","","","","","","","","","","","",
"Turks and Caicos Islands","TCA","Gross national expenditure (constant 2015 US$)","NE.DAB.TOTL.KD","","","","","","","","","","","","","","","","","","","","","","","","","","","","","","","","","","","","","","","","","","","","","","","","","","","","","","","","","","","","","","","","","","",
"Chad","TCD","Gross national expenditure (constant 2015 US$)","NE.DAB.TOTL.KD","","","","","","","","","","","","","","","","","","","","","","","","","","","","","","","","","","","","","","","","","","","","","","9016117940.69126","9301587087.07265","9790181631.37907","10512488585.5128","10695805396.8516","12231381650.0359","12474926416.2006","13016803521.1656","13653529469.2957","13844363647.9911","13495953502.4288","13251654392.17","13023370534.2199","13952049335.3957","14550109599.0754","14063382005.0962","14274690015.004","14787163987.3064","15308431280.7832","15572199316.6202","",
"East Asia & Pacific (IDA & IBRD countries)","TEA","Gross national expenditure (constant 2015 US$)","NE.DAB.TOTL.KD","","","","","","","","","","","","","","","","","","","","","","","","","","","","","","","","","","","","3148747410994.84","2872418966224.35","2910289919661.35","2467707651856.69","2506658494768.45","2571037670543.9","2684861291129.62","3637479492720.48","3328853525717.65","4247328772416.16","4540109293839.48","5190080756846.09","6581644273700.25","7173264200268.53","8169133624654.2","9080890009260.79","9945884267874.72","10715723201588.9","11546072428107.7","12387021287374.2","13180311257177.1","14156228941682.7","15082828874506.3","16182695860875.7","17033459417092.5","17175517274074.8","18298067485214.1","18885896610108.4","20023665556813.3","20796539695313.8","",
"Europe & Central Asia (IDA & IBRD countries)","TEC","Gross national expenditure (constant 2015 US$)","NE.DAB.TOTL.KD","","","","","","","","","","","","","","","","","","","","","","","","","","","","","","","","","","","","1740050863366.73","1724087256968.85","1757454773841.56","1656689628566.84","1652366203669.07","1825965542956.47","1952944936046.48","2034272098850.65","2175109940496.92","2379252922989.04","2567864069111.42","2849685022228.52","3221857122024.66","3474200845765.73","3082238266543.56","3261370113180.26","3497223255255.43","3641838967678.62","3680564342829.53","3698250771761.46","3547391162453.8","3567231308046.36","3736336522918.61","3885438811483.15","4037671834693.64","3907526777845.76","4110910730596.9","4263644173969.67","4501704123733.37","4711341740048.51","",
"Togo","TGO","Gross national expenditure (constant 2015 US$)","NE.DAB.TOTL.KD","","","","","","1644014811.25476","1696819650.53443","1661508686.2376","1687430340.02719","1897250209.81763","2025972924.7848","1653197869.37215","1816624752.91201","1922994201.2339","2047438002.62749","2325100859.51397","2486375358.93517","3362202149.67461","3616251463.9527","3623509066.93974","2940511024.69153","2973330769.84326","2836407143.48844","2474300969.42159","2712028895.22135","3145256795.88016","3402704778.91683","3261571396.15989","3476113218.22168","3576921169.32447","3867971468.73014","3376571334.41162","3331583005.31608","2244949831.9057","2665796226.07663","2936556828.70475","3617872009.26115","3734901492.33358","4156514749.73568","4107247028.45305","4076125511.95192","4154604722.36194","4328423576.53309","4626644088.80188","4620194889.39551","4212167374.16777","4251644527.36349","4309586239.52896","4504618258.88912","4629750023.3938","4984153974.55449","5243225539.09899","5354401079.30784","6134760032.88339","6031991584.28957","6659460584.62463","7850304516.9095","7667781703.6551","8236451912.1252","8620241246.55351","8951050909.71524","9582026996.24718","11270521199.1781","","","",
"Thailand","THA","Gross national expenditure (constant 2015 US$)","NE.DAB.TOTL.KD","","","","","","","","","","","","","","","","","","","","","","","","","","","","","","","","","","","","","","","","","","","","","","","","","","","","","","","","364463242907.549","","","","","","","","","","",
"Tajikistan","TJK","Gross national expenditure (constant 2015 US$)","NE.DAB.TOTL.KD","","","","","","","","","","","","","","","","","","","","","","","","","","","","","","","","","","14141359061.8607","9934166168.51731","7972022464.73232","5366872596.33277","5919228636.5166","5830096885.32992","5898110809.87316","5464324534.41687","5866156274.89266","6105111314.21905","6540417248.02738","7343366977.80732","6695088756.89108","6878712370.15231","8082324040.50646","8394294689.87073","8666381098.11041","9079933682.44166","9493487664.23522","9907040517.98876","10320593102.32","10880888954.7016","10544664331.3765","11141378407.3912","11089016909.3046","12189219476.7483","12918261698.5672","13010079045.3159","13901769064.8578","15785973424.7098","16152179606.3507","","",
"Turkmenistan","TKM","Gross national expenditure (constant 2015 US$)","NE.DAB.TOTL.KD","","","","","","","","","","","","","","","","","","","","","","","","","","","","","","","","","","","","","","","","","","","","","","","","","","","","","","","","","","","","","","","","","","",
"Latin America & the Caribbean (IDA & IBRD countries)","TLA","Gross national expenditure (constant 2015 US$)","NE.DAB.TOTL.KD","","","","","","","","","","","1183985039068.4","1268402340990.52","1359116351059.4","1483213900763.66","1603372042085.23","1659159404324.07","1740893281177.1","1809545997633.89","1880687012103.8","2019133474970.81","2182823280096.85","2181656223347.1","2102292407346.36","1964118426292.31","2023121719211.8","2088277078472.54","2196305539348.8","2252338466849.28","2248746997141.89","2273087901647.04","2286413030491.15","2402712017981.63","2514792281109.35","2612999651974.23","2795129613557.9","2803739210470.79","2905368968858.02","3096982754438.98","3185498628642.43","3156127029773.19","3281742011080.87","3277717011120.37","3243607857084.87","3298889879177.65","3477734299372.72","3626476325116.63","3869187381791.86","4136398403677.97","4376888016535.32","4225903657960.69","4591099488005.87","4873863052362.25","5009069894803.48","5167678983345.81","5209096850096.03","5174115265969.2","5096878343126.12","5199603724210.11","5275015085626.67","5265694237616.64","4851286454771","5312159483894.36","5584848775113.38","5695813021156.48","5847559180510.85","",
"Timor-Leste","TLS","Gross national expenditure (constant 2015 US$)","NE.DAB.TOTL.KD","","","","","","","","","","","","","","","","","","","","","","","","","","","","","","","","","","","","","","","","","1717509692.25026","2097874857.17164","2077981914.02095","1708843153.66161","1459985921.23931","1285513484.7463","1315539555.70645","1640416966.53808","1831335632.99921","2296956465.05602","2361903405.9956","2618953949.70642","2529049633.41086","2275728440.4785","2463342587.84354","2448658076.64814","2566090773.69642","2448203734.16756","2461556967.61333","2506439309.85234","2342655703.21584","2489045828.96714","2456313312.34588","2566003457.39937","2755837222.29719","",
"Middle East, North Africa, Afghanistan & Pakistan (IDA & IBRD)","TMN","Gross national expenditure (constant 2015 US$)","NE.DAB.TOTL.KD","","","","","","","","","","","","","","","","","","","","","","","","","","","707808129107.052","688579507299.623","664781138118.204","699994695568.814","753983715539.742","810058638896.728","834813072102.568","818612062730.332","794725741801.963","830010743895.293","892525421381.297","909913373503.412","945560753753.48","958403033782.923","1001602991566.16","1066761785793.74","1135241739775.58","1198649458286.13","1272188380713.82","1329497631099.33","1411252668241.14","1524785030254.85","1604484064220.79","1672573977349.4","1761051592577.94","1772575806445.41","1843350020386.85","1884027087552.7","1937205975871.73","1869334163196.27","1976775734521.94","2047472788193.97","2068188155552.43","2075325866377.88","2025730450812.27","2127442307100.93","2218282487140.47","2306756616018.06","2404159923874.19","",
"Tonga","TON","Gross national expenditure (constant 2015 US$)","NE.DAB.TOTL.KD","","","","","","","","","","","","","","","","","","","","","","","","","","","","","","","","","","","467887283.053698","506040512.653247","515366468.50986","482807923.513552","530110701.695497","524205706.522078","529762899.94799","541879735.979394","563537300.449758","575957147.748939","552564344.951829","537584255.610402","554947589.887934","556486098.546019","550778627.012766","564866822.201989","569378656.463277","576963655.951194","598502722.253377","584633418.375615","599886611.818119","644531503.787787","682738348.867259","711662873.914994","698638536.341672","733117958.037351","722125055.584519","734522553.563897","730685533.912079","772388843.492706","","",
"South Asia (IDA & IBRD)","TSA","Gross national expenditure (constant 2015 US$)","NE.DAB.TOTL.KD","189298645858.737","195133898429.442","201113446658.549","211701411425.443","227262715974.186","231876950694.515","236273115617.861","242178185277.341","247327383241.407","260026149560.332","271719511362.291","278545815443.852","275528826698.303","280713275022.278","277498424691.557","283211820349.401","298560154464.425","318280172112.148","347025711262.632","339407905875.105","366038073116.853","374188571128.801","380209514272.44","405561664347.436","422429940714.901","443517619291.166","460613882505.084","485281226140.762","518110494489.054","544486895042.557","582993941921.748","572352406922.351","598317037720.148","623373738330.757","666562160629.471","709135846683.568","747746331709.66","791760596696.133","840645932128.015","914777771543.289","928586571295.703","976670986633.81","1009986627748.04","1085037082628.8","1187670497528","1303589765486.69","1406015125063.69","1550023008912.19","1597456059556.96","1728394770737.96","1885806738154.64","2010897464041.58","2103706484860.81","2167827901741.66","2315552898331.18","2472321149169.73","2627101040079.38","2840429766915.23","3072565314277.84","3157426923319","3009083165337.82","3381556351099.39","3610275955741.05","3844933393774.61","4091091242999.64","",
"Sub-Saharan Africa (IDA & IBRD countries)","TSS","Gross national expenditure (constant 2015 US$)","NE.DAB.TOTL.KD","","","","","","","","","","","","","","","","","","","","","","","","","","","","","","","","","","","","","","","","","","","924538495539.55","977684202658.025","1036316147877.04","1097646608595.85","1186548485380.36","1274351613646.46","1355258870599.57","1361241993236.98","1438217489594.85","1520541488555.35","1621635967790.43","1698461872412.16","1759800618209.67","1804620513044.87","1828764164491.3","1883148769836.97","1954045950746.78","2008375255537.43","1978290925144.02","2097755740569.2","2216465244498.11","2293842775040.54","2374391832369.95","",
"Trinidad and Tobago","TTO","Gross national expenditure (constant 2015 US$)","NE.DAB.TOTL.KD","","","","","","","","","","","","","","","","","","","","","","","","","","","","","","","","","","","","","","","","","","","","","","","","","","","","","","","","","","","","","","","","","","",
"Tunisia","TUN","Gross national expenditure (constant 2015 US$)","NE.DAB.TOTL.KD","","","","","","4269653408.2712","4286621119.22513","4374651753.52068","4411167025.80769","4577666270.05671","4900636909.70496","5162727597.27267","6098046637.35424","6167494776.01478","6815890244.56764","7477973382.78213","7979503462.18059","8512409244.88626","9116036693.04786","9617643766.775","10429935117.0586","11446579133.1167","11685106677.8819","11969891369.6553","12766689767.4122","12493433350.9208","11984063184.3497","12057774535.398","11840864933.4098","12617056589.3073","14015828144.0133","14195368635.6974","15583493430.1918","15868664805.9644","15658528311.9862","16208912967.5652","17160598279.4877","18010382820.3658","18935521162.3017","19858429159.4979","20794837902.2494","22980141770.216","23496641763.8438","24326692563.5634","25326445982.2851","26298481157.2039","27801269253.8074","29419943414.2611","30754700057.3504","32106170139.5527","44341298668.196","43758618492.3214","46139297776.0785","47990823934.2382","49561460523.8004","50562926145.4152","51499020404.0018","53616459822.851","56983290282.2915","54886059007.2007","49021199872.5546","51983104721.8505","50224282775.7599","113646880825.846","115316882329.701","",
"Turkiye","TUR","Gross national expenditure (constant 2015 US$)","NE.DAB.TOTL.KD","","","","","","","","","","","","","","","","","","","","","","","","","","","","","","","","","","","","","","","","","","","","","","","","","","","","","","","","876826623036.909","","","","","","","","","","",
"Tuvalu","TUV","Gross national expenditure (constant 2015 US$)","NE.DAB.TOTL.KD","","","","","","","","","","","","","","","","","","","","","","","","","","","","","","","","","","","","","","","","","","","","","","","","","","","","","","","","","","","","","","","","","","",
"Tanzania","TZA","Gross national expenditure (constant 2015 US$)","NE.DAB.TOTL.KD","","","","","","","","","","","","","","","","","","","","","","","","","","","","","","","13949579141.8572","14738175319.084","14668427354.9874","14265165815.178","14295955367.7691","14194717920.012","14312899135.2192","15232172404.3918","17215768309.6592","18009775601.8232","18374006560.8436","19233523865.3367","20616385393.8133","21923918226.1355","23632834805.3252","26249540041.1879","29052410436.0866","31365456340.5384","32795715093.0354","34030816162.2196","36773226611.2817","40958226210.4741","41575801430.6355","45681017331.2165","48773314803.3198","50518515503.1541","52459699682.466","55064935874.7939","59730356007.8205","61269521335.5749","63339694628.1306","66536253705.4122","71196893490.7619","74355042545.4395","77826061952.8429","",
"Uganda","UGA","Gross national expenditure (constant 2015 US$)","NE.DAB.TOTL.KD","","","","","","","","","","","","","","","","","","","","","","","5817574446.90001","6188210999.68233","6067045878.6086","5878701117.75172","5899830272.95672","6405144399.39097","7032557188.70488","7267814232.61345","7675464553.02238","8003794148.59694","8141322414.28001","8699218892.10065","9231760020.70105","10995601135.2879","11774933220.0263","12004191040.2165","12773592400.5463","13785616786.9055","13704452599.0241","14236328387.9968","15399153965.8948","16252005762.997","16926930497.1522","18057414328.4185","20409630565.722","22352454603.6618","22814249665.0254","25795036714.541","27440225966.872","30292741009.348","31188667159.7145","32111882250.6134","32668740271.0351","35485054327.7906","36548750359.9955","37047250751.958","40674342231.5515","43779778881.6906","44868667143.5607","47435056868.5224","49831531235.5837","51708445569.4805","53514857521.3123","",
"Ukraine","UKR","Gross national expenditure (constant 2015 US$)","NE.DAB.TOTL.KD","","","","","","","","","","","","","","","","","","","","","","","","","","","","","","","157764369973.583","137820059021.039","123192472951.539","92860211037.642","70973656835.0751","61870902525.7609","54422684957.5757","54319985203.6801","54711501433.0222","53177410096.7532","55603582555.6779","61910420012.6311","63467103703.939","72035238348.1525","77862207024.4332","89595304423.8083","102274614297.732","119837620804.929","128459053455.981","95114869258.1543","102249581492.052","114777505574.798","120176269898.826","122174658795.141","105963592839.29","93408020564.0746","101174664897.114","108445169659.298","114066108968.891","117044917921.829","111199342174.238","126344019082.077","101946940049.092","113769654985.501","117508219292.838","",
"Upper middle income","UMC","Gross national expenditure (constant 2015 US$)","NE.DAB.TOTL.KD","","","","","","","","","","","","","","","","","","","","","","","","","","","","","","","","","","","","6609809071460.39","6426648759315.82","6647614301374.31","6276251812642.95","6291293870524.97","6516415361972.24","6676278234389.47","7705443052362.46","7493424889018.26","8685355228550.72","9162717246703.94","10158723588803.5","11962799897153.1","12849482765741.8","13726001965376.8","15083420269241.8","16273218415171","17201186142597.6","18224294727253.3","19127445757954.6","19771368724719.3","20723502683241.8","21786003955466.7","22947786286784.9","23804231154738.6","23551527451897.4","25172420541023.8","26034928769034.5","27355202577163.6","28321627323869.4","",
"Uruguay","URY","Gross national expenditure (constant 2015 US$)","NE.DAB.TOTL.KD","","","","","","16305631447.555","17111407527.2709","17165137186.0425","16960175618.5152","18689676577.797","19996648991.2408","20048323898.2748","19108912289.1665","19222262318.7153","19538016178.9058","20970054120.7726","21655368886.0459","22186543583.0543","23687036393.1221","26065093148.1308","27905497851.9148","28037950582.8031","25020658051.8535","19484008712.528","18760895618.3074","18819212290.1261","20990565125.8879","24073298182.4201","24026853806.2115","24126173977.4009","23241862135.5068","25212701551.909","28411116736.5678","30081310684.5526","32825128870.462","32258054842.1778","34205556611.0853","36230152250.1013","38247954372.4889","37352510901.8531","36172407374.6597","34766781580.9177","31012785393.4603","30552970274.475","32122038380.4738","34023933861.0537","36402833496.5801","38909838420.4078","43636531040.394","43513146927.6183","47787240252.9927","51296198876.8199","54872481738.3665","57783872569.5828","59102017189.8874","57895209311.6033","57617099598.1667","58776943509.8589","59117532087.8994","59058225857.5436","55436130859.8223","58967770157.5017","61906342884.5331","63197365501.9064","63258089074.9581","",
"United States","USA","Gross national expenditure (constant 2015 US$)","NE.DAB.TOTL.KD","","","","","","","","","","","5293598434749.62","5470837907190.18","5759210296973.08","6019529655567.49","5959744952073.5","5950181138937.37","6300633114677.65","6607321497988.94","6936730391196.32","7100877330325.16","7005266098852.25","7168740986697.06","7137192561937.1","7542001432839.93","8117485116584.83","8490451775968.23","8811192478664.65","9090447639218.52","9396285973337.1","9684487268808.5","9838216183399.57","9787974367072.26","10127507815446.4","10453434565738.1","10895370960983.3","11169614797583.5","11589264671536.6","12117338529359","12780519314279.1","13486705657938.4","14129065080770.4","14307830569635.6","14639658049176.5","15099052176762.1","15738640751723.5","16299917296657.3","16737913937701.8","16981481506235.6","16843468729766.4","16275521424488","16763066535385.9","16995903515006","17350960775928.4","17673010448314.2","18161117955293.9","18819339000000","19181569041722","19678301730709.2","20297146165803.9","20829935298811.9","20439020963650.6","21893337139648.7","22515836124106.1","23036721688040.9","23751562846602","",
"Uzbekistan","UZB","Gross national expenditure (constant 2015 US$)","NE.DAB.TOTL.KD","","","","","","","","","","","","","","","","","","","","","","","","","","","","","","","","","","","","","","","","","","","","","","","","","","","","","","","","90388229574.4515","","","","","","","","","","",
"St. Vincent and the Grenadines","VCT","Gross national expenditure (constant 2015 US$)","NE.DAB.TOTL.KD","","","","","","","","","","","","","","","","","","","","","","","","","","","","","","","","","","","","","","","","","","","","","","","","","","","","","","","","","","","","","","","","","","",
"Venezuela, RB","VEN","Gross national expenditure (constant 2015 US$)","NE.DAB.TOTL.KD","","16809510490.3741","17697295817.5788","18198011559.6543","21884343355.1894","22677556166.8359","22040015429.9478","22831923388.7293","26797778143.5332","27779421340.6493","32903347475.1622","29917196649.1806","32056109244.728","33539081107.4645","31173182004.3206","39292025267.6769","46315009571.6647","55038533928.7201","56327417684.3115","50754791447.7196","49401566384.9427","50332290208.4574","54947525942.6427","40687760146.3794","45254248957.9863","46134380449.5915","47654218692.7778","51643080982.5754","56673140966.0162","41562289717.1476","41903408180.3028","51594924427.5568","59805307896.7758","55678407463.6333","48955323134.2387","53709237430.2578","50094203970.05","58826455337.2242","59987027137.4306","56715721622.7102","59698396711.5335","64797446303.1591","54728983285.635","48713005982.2079","63159073520.4462","75205709272.6295","91012128055.9726","109563148414.129","114613507221.589","105225238083.745","104800620100.365","113058990092.986","127499175590.412","124297348136.198","112683322650.915","98874890678.385","72025339585.2016","56192165228.2782","45892739921.9722","32490830096.5112","23488717983.5364","26388130752.4971","28168217632.8372","29828266982.0535","31378016897.5647","",
"British Virgin Islands","VGB","Gross national expenditure (constant 2015 US$)","NE.DAB.TOTL.KD","","","","","","","","","","","","","","","","","","","","","","","","","","","","","","","","","","","","","","","","","","","","","","","","","","","","","","","","","","","","","","","","","","",
"Virgin Islands (U.S.)","VIR","Gross national expenditure (constant 2015 US$)","NE.DAB.TOTL.KD","","","","","","","","","","","","","","","","","","","","","","","","","","","","","","","","","","","","","","","","","","","","","","","","","","","","","","","","","","","","","","","","","","",
"Viet Nam","VNM","Gross national expenditure (constant 2015 US$)","NE.DAB.TOTL.KD","","","","","","","","","","","","","","","","","","","","","","","","","","","","","","","","","","","57797886081.9109","63127516689.8198","69476762876.7809","74021360089.64","78617523024.3938","79998015874.6444","83871822167.1082","89030075315.0104","96877860295.9324","105591613662.573","114120134885.665","123708542031.778","134568244178.664","154439273812.424","165568877812.511","170858360608.764","186463311955.936","190226383944.598","198905738372.082","210132254120.739","224202034155.584","244274278339.662","261992284151.801","283009592821.724","302961030982.835","324238901635.596","329764625074.878","338906553551.084","361435862608.599","375038868891.372","400483365234.134","",
"Vanuatu","VUT","Gross national expenditure (constant 2015 US$)","NE.DAB.TOTL.KD","","","","","","","","","","","","","","","","","","","","","","","","","","","","","","","","","","","","","","","","","","","508159234.997778","508815204.776874","544802734.211454","561367361.454662","609191780.949396","652598377.857743","724384391.575646","747054147.631702","753274865.1487","726404406.204526","715236317.899933","757754674.798753","791490215.572016","876646758.847143","858735780.723281","908993518.664382","967823978.259165","964969571.001256","1089758877.43112","1169675907.79654","1198911423.7871","","","",
"World","WLD","Gross national expenditure (constant 2015 US$)","NE.DAB.TOTL.KD","","","","","","","","","","","19367318842648","20131506596463.8","21231045143869.3","22537701103271.7","22885835223264.3","23060843527890.8","24284340930382.2","25109908369065.7","26087971337644.2","27072852928446.8","27493404427485.6","27756932321508.7","27820259040612.9","29058450967973.1","30532261633054.9","32005560990810","33124610886190.6","34011614516166.6","34689866175609","36055458460337.4","37469794752676.3","37597840895863.6","38113779929933.2","38585527168106.6","40008768757980.6","41062738335034.9","41957516638551","43340639143226.6","44080779173156.9","45606042479869","47490123694986.6","48403059057301.2","50136857752303.2","51035753354404.7","53800978065361","55831844199586.9","58429860334283.5","61760662485038.3","62973612717288.1","62157535611968.2","65076801462380.7","67283917965223.7","68951497458922.6","70808435747430.4","73048667766362.3","75128444387552.8","77211860009265.1","79970911751350.9","82782118326327.2","85003830779121.8","82378277767726.8","87803695449760.6","91096036223028.2","93646995582148.8","96222084515849.7","",
"Samoa","WSM","Gross national expenditure (constant 2015 US$)","NE.DAB.TOTL.KD","","","","","","","","","","","","","","","","","","","","","","","","","","","","","","","","","","","","","","","","","","","","","","","","","","883234661.556729","928383929.730864","933039873.812571","961736065.864418","977085483.65738","971978133.642265","991290955.603301","1053136971.91036","1042132460.54964","1042771466.28218","1103573923.5989","1101650853.9998","1162364276.81594","1185809059.9867","1245744304.649","1291541735.72094","",
"Kosovo","XKX","Gross national expenditure (constant 2015 US$)","NE.DAB.TOTL.KD","","","","","","","","","","","","","","","","","","","","","","","","","","","","","","","","","","","","","","","","","","","","","","","","","6432820037.71349","6587294629.73641","6896316963.27501","7365918505.19566","7365919763.79593","7616824841.88576","7885188209.62017","8129050833.46648","8581674475.86184","8774401470.54699","9238831872.69601","9626140522.50226","9634349302.51946","10431078645.4667","10579591437.1549","10948052664.3457","11522291765.2207","",
"Yemen, Rep.","YEM","Gross national expenditure (constant 2015 US$)","NE.DAB.TOTL.KD","","","","","","","","","","","","","","","","","","","","","","","","","","","","","","","24977248132.829","28372661971.7047","31135711834.6331","33648581321.3692","27296773293.1787","31307672296.4835","37005386864.949","38455588432.993","45483450310.3559","40393927464.6515","38820160497.9193","43116087275.8115","45552148414.5856","47619665840.3416","48329519841.5222","48921047802.2305","52911792507.1989","58939660202.4983","60099059826.6858","65888048215.15","66265885275.5063","56724057896.6034","63334336589.5513","64102353251.0709","62484484459.4056","47650100585.9942","46119581327.6266","45567564349.7591","48180622107.5725","","","","","","","",
"South Africa","ZAF","Gross national expenditure (constant 2015 US$)","NE.DAB.TOTL.KD","48029127681.239","49316664834.3545","51256401481.2038","56054883098.9688","61614499404.9477","65630514185.7151","67135686465.2239","72033770452.8174","75641258676.5108","81587520421.8998","88970017023.6071","94787972084.3579","94564454983.2737","102359242679.727","110559341442.932","115759134387.286","115168657045.309","114128871014.178","114823028991.083","119730759515.304","135569968228.07","144870320317.716","141493956772.552","145487619851.582","151544855924.526","144335291038.17","142202074869.077","146065000054.203","155699765140.221","160469542474.94","161404314726.047","161565560777.53","159509987378.19","161821103717.648","170444356148.99","177847318419.606","184602432503.087","190097260892.003","192311544869.469","193708514838.377","201078133110.434","207058003609.466","215910895535.181","226035601235.089","243219620870.135","255877968848.189","277712010530.257","296723242489.516","307906938133.737","298935670861.238","309775624253.434","326580989396.46","335633761941.229","343968594711.091","344702552933.493","351214944340.311","348632381144.957","354017886807.681","361156057084.252","365272575496.849","335973632273.537","353392195621.083","368770810661.799","369619944223.014","366758363503.477","",
"Zambia","ZMB","Gross national expenditure (constant 2015 US$)","NE.DAB.TOTL.KD","","","","","","","","","","","","","","","","","","","","","","","","","","","","","","","","","","","","","","","","","","","","","","","","","","","","","","","","22139634693.8302","","","","","","","","","","",
"Zimbabwe","ZWE","Gross national expenditure (constant 2015 US$)","NE.DAB.TOTL.KD","","","","","","","","","","","","","","","","","","","","","","","","","","","","","","","","","","","","","","","","","","","","","","","","","","14050754384.4609","16190330643.9693","17139950032.0729","21050329017.3704","19853757572.0916","20157918138.0312","23654250000","22205593237.3704","23097643000.5552","20445311847.1477","18953074815.7023","17658581139.8787","19890162380.7863","21477252901.8333","22521671524.9194","22860417018.9812","",
